Feature,Importance
src_bytes,0.17581048609401279
dst_bytes,0.10627700695712117
flag,0.09789312301573588
dst_host_same_srv_rate,0.07049249045362249
same_srv_rate,0.06680036213895585
dst_host_srv_count,0.06017166745397631
diff_srv_rate,0.04407036844494069
logged_in,0.04237695800360888
count,0.03722836799447107
protocol_type,0.037188650739407005
dst_host_diff_srv_rate,0.033522584906381075
service,0.026068268320638778
dst_host_same_src_port_rate,0.024869478758190216
dst_host_srv_diff_host_rate,0.02167820746702216
srv_serror_rate,0.02125101047204896
srv_count,0.01896287400349098
serror_rate,0.01864265288668947
dst_host_serror_rate,0.016359909276999176
dst_host_count,0.013895136782995147
dst_host_rerror_rate,0.011059316607639423
dst_host_srv_serror_rate,0.010880483956961038
hot,0.01013803744742112
dst_host_srv_rerror_rate,0.006348822803085688
srv_rerror_rate,0.005414034734973597
num_compromised,0.005227775863896992
rerror_rate,0.004365810888224653
wrong_fragment,0.003995027423999516
duration,0.0037800157983725927
srv_diff_host_rate,0.0029073337521038217
is_guest_login,0.001181256948965017
num_root,0.00036899294666783896
num_file_creations,0.00019930104497573715
num_failed_logins,0.00017604146070666774
root_shell,0.00015499918276663303
num_access_files,0.00011392864323455637
urgent,6.338367219606075e-05
su_attempted,3.037123301621792e-05
num_shells,2.143608733226897e-05
land,1.4025333152339282e-05
num_outbound_cmds,0.0
is_host_login,0.0
