Actual,Prediction,Probability,RiskScore_RF,RiskLevel_RF
0,0,1.0,100.0,High
1,1,1.0,0.0,Low
0,0,1.0,100.0,High
0,0,1.0,100.0,High
1,1,1.0,0.0,Low
1,1,1.0,0.0,Low
1,1,1.0,0.0,Low
0,0,1.0,100.0,High
0,0,1.0,100.0,High
1,1,1.0,0.0,Low
1,1,1.0,0.0,Low
0,0,1.0,100.0,High
1,1,1.0,0.0,Low
1,1,1.0,0.0,Low
0,0,1.0,100.0,High
1,1,1.0,0.0,Low
1,1,1.0,0.0,Low
1,1,1.0,0.0,Low
1,1,1.0,0.0,Low
1,1,1.0,0.0,Low
1,1,1.0,0.0,Low
1,1,1.0,0.0,Low
1,1,1.0,0.0,Low
0,0,1.0,100.0,High
1,1,1.0,0.0,Low
1,1,1.0,0.0,Low
0,0,1.0,100.0,High
1,1,1.0,0.0,Low
1,1,1.0,0.0,Low
0,0,1.0,100.0,High
1,1,1.0,0.0,Low
1,1,0.995,0.5,Low
1,1,0.995,0.5,Low
1,1,1.0,0.0,Low
0,0,1.0,100.0,High
0,0,1.0,100.0,High
1,1,1.0,0.0,Low
0,0,1.0,100.0,High
0,0,1.0,100.0,High
0,0,1.0,100.0,High
1,1,1.0,0.0,Low
1,1,1.0,0.0,Low
1,1,1.0,0.0,Low
1,1,1.0,0.0,Low
1,1,1.0,0.0,Low
1,1,1.0,0.0,Low
1,1,1.0,0.0,Low
0,0,1.0,100.0,High
1,1,1.0,0.0,Low
1,1,1.0,0.0,Low
1,1,0.94,6.0,Low
1,1,1.0,0.0,Low
0,0,1.0,100.0,High
1,1,1.0,0.0,Low
1,1,1.0,0.0,Low
1,1,1.0,0.0,Low
1,1,1.0,0.0,Low
1,1,1.0,0.0,Low
1,1,1.0,0.0,Low
0,0,0.945,94.5,High
0,0,1.0,100.0,High
1,1,0.995,0.5,Low
1,1,1.0,0.0,Low
0,0,0.995,99.5,High
1,1,1.0,0.0,Low
0,0,1.0,100.0,High
0,0,1.0,100.0,High
1,1,1.0,0.0,Low
0,0,1.0,100.0,High
0,0,1.0,100.0,High
1,1,1.0,0.0,Low
1,1,1.0,0.0,Low
1,1,1.0,0.0,Low
0,0,1.0,100.0,High
1,1,1.0,0.0,Low
1,1,1.0,0.0,Low
0,0,1.0,100.0,High
0,0,1.0,100.0,High
1,1,1.0,0.0,Low
1,1,1.0,0.0,Low
1,1,1.0,0.0,Low
1,1,1.0,0.0,Low
0,0,1.0,100.0,High
0,0,1.0,100.0,High
0,0,1.0,100.0,High
1,1,1.0,0.0,Low
0,0,1.0,100.0,High
0,0,1.0,100.0,High
0,0,1.0,100.0,High
0,0,1.0,100.0,High
1,1,1.0,0.0,Low
0,0,1.0,100.0,High
0,0,1.0,100.0,High
1,1,1.0,0.0,Low
0,0,1.0,100.0,High
1,1,1.0,0.0,Low
1,1,1.0,0.0,Low
1,1,0.965,3.5,Low
1,1,1.0,0.0,Low
0,0,1.0,100.0,High
1,1,1.0,0.0,Low
1,1,1.0,0.0,Low
0,0,1.0,100.0,High
1,1,1.0,0.0,Low
0,0,1.0,100.0,High
1,1,0.96,4.0,Low
1,1,1.0,0.0,Low
0,0,0.995,99.5,High
0,0,1.0,100.0,High
0,0,1.0,100.0,High
1,1,1.0,0.0,Low
0,0,1.0,100.0,High
0,0,1.0,100.0,High
0,0,1.0,100.0,High
1,1,0.995,0.5,Low
1,1,1.0,0.0,Low
1,1,1.0,0.0,Low
0,0,1.0,100.0,High
1,1,1.0,0.0,Low
1,1,1.0,0.0,Low
0,0,1.0,100.0,High
0,0,1.0,100.0,High
0,0,1.0,100.0,High
0,0,1.0,100.0,High
0,0,1.0,100.0,High
1,1,1.0,0.0,Low
1,1,1.0,0.0,Low
1,1,1.0,0.0,Low
0,0,1.0,100.0,High
1,1,1.0,0.0,Low
1,1,1.0,0.0,Low
0,0,1.0,100.0,High
1,1,1.0,0.0,Low
0,0,0.945,94.5,High
1,1,0.975,2.5,Low
1,1,1.0,0.0,Low
1,1,1.0,0.0,Low
0,0,1.0,100.0,High
0,0,1.0,100.0,High
0,0,1.0,100.0,High
0,0,0.97,97.0,High
0,0,1.0,100.0,High
1,1,1.0,0.0,Low
1,1,1.0,0.0,Low
0,0,1.0,100.0,High
1,1,1.0,0.0,Low
0,0,1.0,100.0,High
1,1,1.0,0.0,Low
0,0,1.0,100.0,High
0,0,1.0,100.0,High
0,0,0.995,99.5,High
1,1,1.0,0.0,Low
1,1,1.0,0.0,Low
0,0,1.0,100.0,High
1,1,1.0,0.0,Low
0,0,1.0,100.0,High
1,1,1.0,0.0,Low
1,1,1.0,0.0,Low
1,1,0.89,11.0,Low
0,0,1.0,100.0,High
0,0,1.0,100.0,High
0,0,1.0,100.0,High
1,1,1.0,0.0,Low
0,0,1.0,100.0,High
0,0,0.96,96.0,High
0,0,1.0,100.0,High
1,1,1.0,0.0,Low
0,0,0.995,99.5,High
0,0,1.0,100.0,High
1,1,1.0,0.0,Low
1,1,1.0,0.0,Low
1,1,0.985,1.5,Low
1,1,1.0,0.0,Low
1,1,1.0,0.0,Low
1,1,1.0,0.0,Low
1,1,1.0,0.0,Low
1,1,1.0,0.0,Low
1,1,1.0,0.0,Low
1,1,1.0,0.0,Low
1,1,1.0,0.0,Low
1,1,0.99,1.0,Low
0,0,1.0,100.0,High
1,1,1.0,0.0,Low
1,1,1.0,0.0,Low
1,1,0.945,5.5,Low
0,0,0.955,95.5,High
1,1,1.0,0.0,Low
1,1,1.0,0.0,Low
1,1,0.995,0.5,Low
0,0,1.0,100.0,High
1,1,1.0,0.0,Low
0,0,1.0,100.0,High
1,1,1.0,0.0,Low
1,1,1.0,0.0,Low
0,0,1.0,100.0,High
0,0,1.0,100.0,High
1,1,1.0,0.0,Low
1,1,1.0,0.0,Low
0,0,1.0,100.0,High
0,0,1.0,100.0,High
0,0,1.0,100.0,High
0,0,1.0,100.0,High
1,1,1.0,0.0,Low
0,0,1.0,100.0,High
0,0,0.995,99.5,High
1,1,1.0,0.0,Low
0,0,1.0,100.0,High
0,0,0.995,99.5,High
1,1,1.0,0.0,Low
0,0,1.0,100.0,High
1,1,1.0,0.0,Low
1,1,1.0,0.0,Low
1,1,1.0,0.0,Low
0,0,1.0,100.0,High
1,1,1.0,0.0,Low
1,1,1.0,0.0,Low
0,0,1.0,100.0,High
1,1,1.0,0.0,Low
1,1,1.0,0.0,Low
0,0,1.0,100.0,High
0,0,1.0,100.0,High
0,0,1.0,100.0,High
0,0,1.0,100.0,High
0,0,1.0,100.0,High
0,1,0.84,16.0,Low
1,1,1.0,0.0,Low
0,0,1.0,100.0,High
1,1,0.995,0.5,Low
0,0,1.0,100.0,High
1,1,1.0,0.0,Low
0,0,1.0,100.0,High
1,1,1.0,0.0,Low
1,1,1.0,0.0,Low
1,1,1.0,0.0,Low
1,1,0.94,6.0,Low
1,1,1.0,0.0,Low
0,0,1.0,100.0,High
1,1,1.0,0.0,Low
0,0,1.0,100.0,High
1,1,1.0,0.0,Low
1,1,1.0,0.0,Low
0,0,1.0,100.0,High
0,0,0.985,98.5,High
0,0,1.0,100.0,High
0,0,1.0,100.0,High
1,1,0.995,0.5,Low
0,0,0.995,99.5,High
0,0,1.0,100.0,High
0,0,1.0,100.0,High
1,1,1.0,0.0,Low
0,0,1.0,100.0,High
0,0,1.0,100.0,High
1,1,1.0,0.0,Low
0,0,1.0,100.0,High
1,1,1.0,0.0,Low
1,1,1.0,0.0,Low
0,0,1.0,100.0,High
1,1,1.0,0.0,Low
1,1,1.0,0.0,Low
1,1,1.0,0.0,Low
1,1,0.925,7.5,Low
1,1,1.0,0.0,Low
1,1,1.0,0.0,Low
0,0,1.0,100.0,High
1,1,1.0,0.0,Low
1,1,1.0,0.0,Low
1,1,1.0,0.0,Low
0,0,1.0,100.0,High
1,1,1.0,0.0,Low
1,1,0.99,1.0,Low
1,1,1.0,0.0,Low
1,1,1.0,0.0,Low
0,0,0.995,99.5,High
1,1,1.0,0.0,Low
0,0,1.0,100.0,High
0,0,1.0,100.0,High
1,1,1.0,0.0,Low
1,1,1.0,0.0,Low
0,0,1.0,100.0,High
0,0,0.515,51.5,Medium
0,0,1.0,100.0,High
0,0,1.0,100.0,High
1,1,1.0,0.0,Low
0,0,1.0,100.0,High
1,1,1.0,0.0,Low
1,1,1.0,0.0,Low
0,0,0.99,99.0,High
1,1,1.0,0.0,Low
0,0,1.0,100.0,High
1,1,1.0,0.0,Low
0,0,1.0,100.0,High
1,1,1.0,0.0,Low
1,1,0.995,0.5,Low
0,0,1.0,100.0,High
1,1,1.0,0.0,Low
1,1,0.995,0.5,Low
1,1,1.0,0.0,Low
0,0,1.0,100.0,High
1,1,1.0,0.0,Low
1,1,1.0,0.0,Low
1,1,1.0,0.0,Low
0,0,1.0,100.0,High
1,1,1.0,0.0,Low
1,1,1.0,0.0,Low
1,1,1.0,0.0,Low
0,0,1.0,100.0,High
0,0,1.0,100.0,High
1,1,1.0,0.0,Low
0,0,1.0,100.0,High
1,1,0.985,1.5,Low
1,1,1.0,0.0,Low
1,1,1.0,0.0,Low
0,0,1.0,100.0,High
1,1,0.93,7.0,Low
1,1,1.0,0.0,Low
0,0,1.0,100.0,High
1,1,1.0,0.0,Low
1,1,1.0,0.0,Low
1,1,1.0,0.0,Low
1,1,1.0,0.0,Low
0,0,1.0,100.0,High
0,0,1.0,100.0,High
1,1,0.965,3.5,Low
1,1,1.0,0.0,Low
1,1,1.0,0.0,Low
1,1,1.0,0.0,Low
1,1,1.0,0.0,Low
0,0,1.0,100.0,High
1,1,0.995,0.5,Low
1,1,1.0,0.0,Low
0,0,1.0,100.0,High
0,0,1.0,100.0,High
1,1,1.0,0.0,Low
0,0,1.0,100.0,High
0,0,1.0,100.0,High
1,1,1.0,0.0,Low
1,1,1.0,0.0,Low
0,0,1.0,100.0,High
1,1,0.955,4.5,Low
1,1,1.0,0.0,Low
0,0,1.0,100.0,High
0,0,1.0,100.0,High
0,0,1.0,100.0,High
0,0,1.0,100.0,High
1,1,1.0,0.0,Low
1,1,1.0,0.0,Low
1,1,1.0,0.0,Low
1,1,1.0,0.0,Low
0,0,1.0,100.0,High
1,1,1.0,0.0,Low
0,0,1.0,100.0,High
0,0,1.0,100.0,High
1,1,1.0,0.0,Low
1,1,1.0,0.0,Low
1,1,1.0,0.0,Low
1,1,1.0,0.0,Low
0,0,1.0,100.0,High
1,1,0.995,0.5,Low
0,0,1.0,100.0,High
1,1,1.0,0.0,Low
0,0,1.0,100.0,High
0,0,0.98,98.0,High
1,1,1.0,0.0,Low
0,0,1.0,100.0,High
1,1,1.0,0.0,Low
0,0,1.0,100.0,High
1,1,1.0,0.0,Low
1,1,1.0,0.0,Low
1,1,1.0,0.0,Low
1,1,1.0,0.0,Low
1,1,1.0,0.0,Low
1,1,1.0,0.0,Low
0,0,1.0,100.0,High
0,0,1.0,100.0,High
0,0,1.0,100.0,High
0,0,1.0,100.0,High
0,0,1.0,100.0,High
0,0,1.0,100.0,High
1,1,1.0,0.0,Low
0,0,1.0,100.0,High
0,0,1.0,100.0,High
0,0,1.0,100.0,High
1,1,1.0,0.0,Low
1,1,0.88,12.0,Low
1,1,0.98,2.0,Low
1,1,1.0,0.0,Low
1,1,0.98,2.0,Low
0,0,1.0,100.0,High
0,0,1.0,100.0,High
0,0,1.0,100.0,High
0,0,1.0,100.0,High
0,0,1.0,100.0,High
1,1,1.0,0.0,Low
1,1,1.0,0.0,Low
0,0,0.995,99.5,High
1,1,1.0,0.0,Low
0,0,1.0,100.0,High
1,1,1.0,0.0,Low
1,1,1.0,0.0,Low
0,0,1.0,100.0,High
0,0,0.995,99.5,High
0,0,1.0,100.0,High
1,1,1.0,0.0,Low
1,1,1.0,0.0,Low
0,0,1.0,100.0,High
0,0,1.0,100.0,High
1,1,1.0,0.0,Low
1,1,1.0,0.0,Low
0,0,1.0,100.0,High
0,0,1.0,100.0,High
1,1,1.0,0.0,Low
0,0,1.0,100.0,High
1,1,0.985,1.5,Low
0,0,1.0,100.0,High
1,1,1.0,0.0,Low
1,1,1.0,0.0,Low
0,0,1.0,100.0,High
0,0,1.0,100.0,High
1,1,1.0,0.0,Low
0,0,1.0,100.0,High
0,0,1.0,100.0,High
1,1,1.0,0.0,Low
1,1,1.0,0.0,Low
1,1,1.0,0.0,Low
0,0,1.0,100.0,High
1,1,1.0,0.0,Low
0,0,1.0,100.0,High
1,1,1.0,0.0,Low
0,0,1.0,100.0,High
1,1,1.0,0.0,Low
0,0,0.995,99.5,High
1,1,1.0,0.0,Low
1,1,1.0,0.0,Low
1,1,1.0,0.0,Low
1,1,1.0,0.0,Low
1,1,1.0,0.0,Low
1,1,1.0,0.0,Low
1,1,1.0,0.0,Low
1,1,1.0,0.0,Low
0,0,1.0,100.0,High
0,0,1.0,100.0,High
1,1,1.0,0.0,Low
0,0,1.0,100.0,High
1,1,1.0,0.0,Low
0,0,1.0,100.0,High
0,0,1.0,100.0,High
1,1,1.0,0.0,Low
0,0,1.0,100.0,High
1,1,1.0,0.0,Low
1,1,1.0,0.0,Low
0,0,1.0,100.0,High
0,0,0.985,98.5,High
1,1,1.0,0.0,Low
1,1,1.0,0.0,Low
1,1,0.985,1.5,Low
1,1,1.0,0.0,Low
1,1,1.0,0.0,Low
0,0,1.0,100.0,High
1,1,1.0,0.0,Low
1,1,1.0,0.0,Low
0,0,1.0,100.0,High
0,0,0.995,99.5,High
0,0,1.0,100.0,High
0,0,1.0,100.0,High
0,0,1.0,100.0,High
1,1,1.0,0.0,Low
1,1,1.0,0.0,Low
1,1,1.0,0.0,Low
1,1,1.0,0.0,Low
1,1,0.995,0.5,Low
1,1,1.0,0.0,Low
0,0,1.0,100.0,High
1,1,1.0,0.0,Low
1,1,1.0,0.0,Low
0,0,1.0,100.0,High
1,1,1.0,0.0,Low
1,1,1.0,0.0,Low
0,0,1.0,100.0,High
1,1,1.0,0.0,Low
0,0,1.0,100.0,High
1,1,1.0,0.0,Low
1,1,1.0,0.0,Low
0,0,1.0,100.0,High
0,0,1.0,100.0,High
1,1,1.0,0.0,Low
1,1,1.0,0.0,Low
0,0,1.0,100.0,High
1,1,1.0,0.0,Low
0,0,1.0,100.0,High
0,0,1.0,100.0,High
0,0,1.0,100.0,High
0,0,1.0,100.0,High
1,1,0.985,1.5,Low
0,0,1.0,100.0,High
1,1,1.0,0.0,Low
0,0,1.0,100.0,High
1,1,0.995,0.5,Low
1,1,1.0,0.0,Low
0,0,1.0,100.0,High
1,1,0.995,0.5,Low
0,0,1.0,100.0,High
1,1,1.0,0.0,Low
1,1,1.0,0.0,Low
0,0,1.0,100.0,High
0,0,1.0,100.0,High
0,0,1.0,100.0,High
0,0,1.0,100.0,High
1,1,1.0,0.0,Low
0,0,1.0,100.0,High
0,0,1.0,100.0,High
1,1,1.0,0.0,Low
1,1,1.0,0.0,Low
1,1,1.0,0.0,Low
0,0,1.0,100.0,High
1,1,1.0,0.0,Low
0,0,1.0,100.0,High
0,0,1.0,100.0,High
1,1,1.0,0.0,Low
1,1,0.995,0.5,Low
0,0,0.995,99.5,High
1,1,1.0,0.0,Low
0,0,1.0,100.0,High
0,0,1.0,100.0,High
0,0,1.0,100.0,High
0,0,1.0,100.0,High
0,0,1.0,100.0,High
0,0,1.0,100.0,High
1,1,1.0,0.0,Low
0,0,1.0,100.0,High
0,0,1.0,100.0,High
0,0,0.995,99.5,High
1,1,1.0,0.0,Low
0,0,1.0,100.0,High
1,1,0.915,8.5,Low
0,0,1.0,100.0,High
1,1,1.0,0.0,Low
1,1,1.0,0.0,Low
1,1,1.0,0.0,Low
1,1,1.0,0.0,Low
1,1,1.0,0.0,Low
1,1,1.0,0.0,Low
1,1,1.0,0.0,Low
0,0,1.0,100.0,High
1,1,1.0,0.0,Low
1,1,1.0,0.0,Low
1,1,1.0,0.0,Low
1,1,1.0,0.0,Low
1,1,1.0,0.0,Low
0,0,1.0,100.0,High
1,1,1.0,0.0,Low
1,1,1.0,0.0,Low
1,1,1.0,0.0,Low
0,0,1.0,100.0,High
0,0,1.0,100.0,High
1,1,1.0,0.0,Low
1,1,1.0,0.0,Low
1,1,1.0,0.0,Low
1,1,1.0,0.0,Low
1,1,1.0,0.0,Low
0,0,1.0,100.0,High
0,0,1.0,100.0,High
1,1,0.995,0.5,Low
0,0,0.995,99.5,High
1,1,1.0,0.0,Low
0,0,1.0,100.0,High
0,0,1.0,100.0,High
1,1,0.995,0.5,Low
0,0,1.0,100.0,High
1,1,1.0,0.0,Low
1,1,1.0,0.0,Low
0,0,1.0,100.0,High
0,0,1.0,100.0,High
1,1,1.0,0.0,Low
0,0,1.0,100.0,High
1,1,1.0,0.0,Low
1,1,1.0,0.0,Low
0,0,1.0,100.0,High
0,0,1.0,100.0,High
1,1,1.0,0.0,Low
0,0,1.0,100.0,High
1,1,1.0,0.0,Low
1,1,1.0,0.0,Low
0,0,1.0,100.0,High
0,0,1.0,100.0,High
0,0,1.0,100.0,High
1,1,1.0,0.0,Low
0,0,1.0,100.0,High
1,1,1.0,0.0,Low
0,0,1.0,100.0,High
0,0,1.0,100.0,High
0,0,1.0,100.0,High
1,1,1.0,0.0,Low
1,1,1.0,0.0,Low
1,1,1.0,0.0,Low
1,1,0.73,27.0,Low
1,1,1.0,0.0,Low
1,1,1.0,0.0,Low
1,1,0.96,4.0,Low
0,0,1.0,100.0,High
0,0,0.77,77.0,High
0,0,1.0,100.0,High
0,0,1.0,100.0,High
0,0,1.0,100.0,High
1,1,1.0,0.0,Low
0,0,1.0,100.0,High
0,0,1.0,100.0,High
0,0,1.0,100.0,High
1,1,1.0,0.0,Low
0,0,1.0,100.0,High
1,1,1.0,0.0,Low
1,1,1.0,0.0,Low
1,1,1.0,0.0,Low
0,0,0.99,99.0,High
1,1,1.0,0.0,Low
1,1,1.0,0.0,Low
1,1,1.0,0.0,Low
1,1,0.995,0.5,Low
0,0,1.0,100.0,High
1,1,1.0,0.0,Low
1,1,1.0,0.0,Low
1,1,1.0,0.0,Low
1,1,1.0,0.0,Low
1,1,1.0,0.0,Low
1,1,1.0,0.0,Low
1,1,1.0,0.0,Low
1,1,1.0,0.0,Low
0,0,0.8,80.0,High
1,1,1.0,0.0,Low
1,1,0.97,3.0,Low
1,1,1.0,0.0,Low
1,1,1.0,0.0,Low
1,1,1.0,0.0,Low
1,1,1.0,0.0,Low
1,1,1.0,0.0,Low
1,1,1.0,0.0,Low
1,1,1.0,0.0,Low
1,1,1.0,0.0,Low
1,1,1.0,0.0,Low
1,1,1.0,0.0,Low
0,0,1.0,100.0,High
0,0,1.0,100.0,High
1,1,1.0,0.0,Low
0,0,1.0,100.0,High
0,0,1.0,100.0,High
1,1,1.0,0.0,Low
0,0,1.0,100.0,High
1,1,1.0,0.0,Low
0,0,1.0,100.0,High
1,1,1.0,0.0,Low
0,0,0.59,59.0,Medium
1,1,1.0,0.0,Low
0,0,1.0,100.0,High
0,0,0.98,98.0,High
1,1,0.95,5.0,Low
0,0,1.0,100.0,High
1,1,1.0,0.0,Low
0,0,0.985,98.5,High
1,1,1.0,0.0,Low
0,0,1.0,100.0,High
1,1,1.0,0.0,Low
0,0,1.0,100.0,High
0,0,1.0,100.0,High
1,1,1.0,0.0,Low
1,1,1.0,0.0,Low
0,0,1.0,100.0,High
1,1,1.0,0.0,Low
1,1,0.985,1.5,Low
0,0,1.0,100.0,High
1,1,1.0,0.0,Low
0,0,0.695,69.5,Medium
1,1,0.985,1.5,Low
0,0,1.0,100.0,High
0,0,1.0,100.0,High
1,1,1.0,0.0,Low
1,1,1.0,0.0,Low
1,1,0.53,47.0,Medium
1,1,0.95,5.0,Low
0,0,1.0,100.0,High
0,0,1.0,100.0,High
0,0,1.0,100.0,High
0,0,1.0,100.0,High
0,0,1.0,100.0,High
0,0,0.98,98.0,High
0,0,1.0,100.0,High
0,0,1.0,100.0,High
0,0,1.0,100.0,High
1,1,1.0,0.0,Low
1,1,1.0,0.0,Low
0,0,1.0,100.0,High
0,0,1.0,100.0,High
1,1,1.0,0.0,Low
0,0,1.0,100.0,High
1,1,1.0,0.0,Low
1,1,1.0,0.0,Low
0,0,1.0,100.0,High
1,1,1.0,0.0,Low
0,0,1.0,100.0,High
1,1,1.0,0.0,Low
1,1,0.98,2.0,Low
0,0,1.0,100.0,High
1,1,1.0,0.0,Low
1,1,1.0,0.0,Low
1,1,1.0,0.0,Low
0,0,1.0,100.0,High
1,1,1.0,0.0,Low
0,0,1.0,100.0,High
1,1,1.0,0.0,Low
0,0,1.0,100.0,High
1,1,1.0,0.0,Low
1,1,0.995,0.5,Low
1,1,0.955,4.5,Low
1,1,1.0,0.0,Low
0,0,1.0,100.0,High
0,0,1.0,100.0,High
1,1,1.0,0.0,Low
0,0,0.995,99.5,High
1,1,1.0,0.0,Low
0,0,1.0,100.0,High
1,1,0.94,6.0,Low
1,1,1.0,0.0,Low
1,1,0.985,1.5,Low
1,1,1.0,0.0,Low
1,1,0.98,2.0,Low
0,0,1.0,100.0,High
1,1,1.0,0.0,Low
0,0,1.0,100.0,High
0,0,1.0,100.0,High
1,1,1.0,0.0,Low
1,1,1.0,0.0,Low
1,1,1.0,0.0,Low
1,1,1.0,0.0,Low
1,1,1.0,0.0,Low
1,1,1.0,0.0,Low
0,0,1.0,100.0,High
0,0,1.0,100.0,High
1,1,0.985,1.5,Low
1,1,0.915,8.5,Low
1,1,1.0,0.0,Low
0,0,1.0,100.0,High
0,0,1.0,100.0,High
1,1,1.0,0.0,Low
1,1,0.995,0.5,Low
1,1,1.0,0.0,Low
1,1,1.0,0.0,Low
1,1,1.0,0.0,Low
1,1,1.0,0.0,Low
1,1,1.0,0.0,Low
1,1,1.0,0.0,Low
0,0,1.0,100.0,High
0,0,1.0,100.0,High
1,1,1.0,0.0,Low
0,0,1.0,100.0,High
0,0,1.0,100.0,High
1,1,1.0,0.0,Low
1,1,1.0,0.0,Low
0,0,1.0,100.0,High
1,1,1.0,0.0,Low
1,1,1.0,0.0,Low
1,1,1.0,0.0,Low
0,0,1.0,100.0,High
1,1,1.0,0.0,Low
0,0,1.0,100.0,High
1,1,1.0,0.0,Low
0,0,1.0,100.0,High
0,0,0.995,99.5,High
1,1,1.0,0.0,Low
1,1,1.0,0.0,Low
1,1,1.0,0.0,Low
1,1,1.0,0.0,Low
1,1,1.0,0.0,Low
1,1,1.0,0.0,Low
1,1,1.0,0.0,Low
1,1,1.0,0.0,Low
0,0,1.0,100.0,High
1,1,1.0,0.0,Low
1,1,1.0,0.0,Low
0,0,1.0,100.0,High
0,0,1.0,100.0,High
1,1,1.0,0.0,Low
0,0,1.0,100.0,High
1,1,1.0,0.0,Low
0,0,1.0,100.0,High
0,0,1.0,100.0,High
1,1,0.665,33.5,Medium
0,0,1.0,100.0,High
0,0,1.0,100.0,High
0,0,1.0,100.0,High
0,0,1.0,100.0,High
0,0,1.0,100.0,High
0,0,1.0,100.0,High
0,0,1.0,100.0,High
1,1,1.0,0.0,Low
0,0,0.965,96.5,High
0,0,1.0,100.0,High
1,1,1.0,0.0,Low
0,0,1.0,100.0,High
1,1,0.955,4.5,Low
0,0,1.0,100.0,High
1,1,1.0,0.0,Low
1,1,0.795,20.5,Low
0,0,0.995,99.5,High
1,1,1.0,0.0,Low
0,0,1.0,100.0,High
0,0,1.0,100.0,High
1,1,0.995,0.5,Low
0,0,1.0,100.0,High
1,1,0.975,2.5,Low
0,0,1.0,100.0,High
0,0,1.0,100.0,High
1,1,1.0,0.0,Low
0,0,1.0,100.0,High
1,1,1.0,0.0,Low
1,1,1.0,0.0,Low
1,1,1.0,0.0,Low
0,0,0.995,99.5,High
0,0,1.0,100.0,High
1,1,1.0,0.0,Low
0,0,0.92,92.0,High
1,1,1.0,0.0,Low
1,1,1.0,0.0,Low
0,0,1.0,100.0,High
0,0,1.0,100.0,High
1,1,1.0,0.0,Low
1,1,1.0,0.0,Low
0,0,0.995,99.5,High
0,1,0.555,44.5,Medium
0,0,1.0,100.0,High
0,0,1.0,100.0,High
1,1,1.0,0.0,Low
0,0,0.995,99.5,High
0,0,1.0,100.0,High
1,1,0.99,1.0,Low
1,1,1.0,0.0,Low
1,1,1.0,0.0,Low
1,1,1.0,0.0,Low
1,1,1.0,0.0,Low
1,1,1.0,0.0,Low
0,0,1.0,100.0,High
0,0,1.0,100.0,High
0,0,1.0,100.0,High
0,0,0.995,99.5,High
0,0,1.0,100.0,High
0,0,1.0,100.0,High
1,1,1.0,0.0,Low
1,1,1.0,0.0,Low
0,0,1.0,100.0,High
1,1,1.0,0.0,Low
1,1,0.945,5.5,Low
0,0,1.0,100.0,High
1,1,1.0,0.0,Low
1,1,1.0,0.0,Low
0,0,1.0,100.0,High
0,0,1.0,100.0,High
0,0,1.0,100.0,High
1,1,1.0,0.0,Low
0,0,1.0,100.0,High
0,0,1.0,100.0,High
0,0,1.0,100.0,High
0,0,1.0,100.0,High
1,1,1.0,0.0,Low
0,0,1.0,100.0,High
0,0,1.0,100.0,High
0,0,1.0,100.0,High
1,1,1.0,0.0,Low
1,1,0.99,1.0,Low
0,0,1.0,100.0,High
1,1,1.0,0.0,Low
1,1,1.0,0.0,Low
1,1,1.0,0.0,Low
1,1,1.0,0.0,Low
1,1,1.0,0.0,Low
0,0,1.0,100.0,High
1,1,0.995,0.5,Low
1,1,1.0,0.0,Low
1,1,0.99,1.0,Low
0,0,1.0,100.0,High
0,0,1.0,100.0,High
1,1,0.995,0.5,Low
1,1,0.95,5.0,Low
0,0,1.0,100.0,High
0,0,1.0,100.0,High
1,1,1.0,0.0,Low
0,0,1.0,100.0,High
1,1,0.97,3.0,Low
1,1,0.83,17.0,Low
0,0,1.0,100.0,High
0,0,1.0,100.0,High
1,1,1.0,0.0,Low
1,1,1.0,0.0,Low
1,1,1.0,0.0,Low
1,1,1.0,0.0,Low
0,0,1.0,100.0,High
0,0,1.0,100.0,High
0,0,1.0,100.0,High
1,1,0.995,0.5,Low
1,1,1.0,0.0,Low
1,1,0.995,0.5,Low
0,0,1.0,100.0,High
1,1,0.995,0.5,Low
0,0,1.0,100.0,High
1,1,1.0,0.0,Low
1,1,1.0,0.0,Low
0,0,1.0,100.0,High
1,1,1.0,0.0,Low
0,0,1.0,100.0,High
0,0,1.0,100.0,High
0,0,1.0,100.0,High
1,1,1.0,0.0,Low
0,0,1.0,100.0,High
0,0,1.0,100.0,High
0,0,1.0,100.0,High
1,1,0.9,10.0,Low
1,1,0.99,1.0,Low
1,1,1.0,0.0,Low
1,1,1.0,0.0,Low
1,1,1.0,0.0,Low
0,0,1.0,100.0,High
1,1,1.0,0.0,Low
1,1,0.995,0.5,Low
0,0,1.0,100.0,High
1,1,1.0,0.0,Low
0,0,1.0,100.0,High
1,1,1.0,0.0,Low
0,0,1.0,100.0,High
0,0,1.0,100.0,High
0,0,0.995,99.5,High
1,1,1.0,0.0,Low
1,1,1.0,0.0,Low
0,0,1.0,100.0,High
1,1,1.0,0.0,Low
1,1,1.0,0.0,Low
1,1,1.0,0.0,Low
1,1,1.0,0.0,Low
0,0,1.0,100.0,High
0,0,1.0,100.0,High
0,0,1.0,100.0,High
1,1,0.94,6.0,Low
1,1,1.0,0.0,Low
1,1,1.0,0.0,Low
0,0,1.0,100.0,High
0,0,1.0,100.0,High
1,1,1.0,0.0,Low
1,1,1.0,0.0,Low
1,1,1.0,0.0,Low
0,0,1.0,100.0,High
1,1,1.0,0.0,Low
1,1,1.0,0.0,Low
1,1,1.0,0.0,Low
0,0,1.0,100.0,High
1,1,1.0,0.0,Low
1,1,1.0,0.0,Low
0,0,1.0,100.0,High
1,1,1.0,0.0,Low
0,0,1.0,100.0,High
1,1,1.0,0.0,Low
1,1,1.0,0.0,Low
0,0,1.0,100.0,High
1,1,0.95,5.0,Low
1,1,1.0,0.0,Low
0,0,1.0,100.0,High
0,0,1.0,100.0,High
1,1,1.0,0.0,Low
1,1,0.87,13.0,Low
0,0,1.0,100.0,High
0,0,1.0,100.0,High
0,0,1.0,100.0,High
1,1,0.995,0.5,Low
1,1,1.0,0.0,Low
0,0,1.0,100.0,High
1,1,1.0,0.0,Low
1,1,1.0,0.0,Low
0,0,1.0,100.0,High
1,1,1.0,0.0,Low
1,1,1.0,0.0,Low
0,0,1.0,100.0,High
0,0,1.0,100.0,High
1,1,1.0,0.0,Low
0,0,1.0,100.0,High
0,0,1.0,100.0,High
0,0,1.0,100.0,High
1,1,1.0,0.0,Low
1,1,1.0,0.0,Low
1,1,1.0,0.0,Low
1,1,1.0,0.0,Low
1,1,1.0,0.0,Low
1,1,1.0,0.0,Low
1,1,0.98,2.0,Low
0,0,1.0,100.0,High
1,1,0.985,1.5,Low
1,1,1.0,0.0,Low
1,1,1.0,0.0,Low
1,1,0.985,1.5,Low
1,1,1.0,0.0,Low
0,0,1.0,100.0,High
1,1,1.0,0.0,Low
0,0,1.0,100.0,High
1,1,1.0,0.0,Low
1,1,0.895,10.5,Low
1,1,1.0,0.0,Low
1,1,1.0,0.0,Low
0,0,1.0,100.0,High
0,0,1.0,100.0,High
0,0,1.0,100.0,High
0,0,1.0,100.0,High
1,1,1.0,0.0,Low
1,1,1.0,0.0,Low
0,0,1.0,100.0,High
1,1,1.0,0.0,Low
1,1,1.0,0.0,Low
1,1,1.0,0.0,Low
1,1,1.0,0.0,Low
0,0,1.0,100.0,High
1,1,1.0,0.0,Low
0,0,1.0,100.0,High
1,1,1.0,0.0,Low
0,0,1.0,100.0,High
1,1,1.0,0.0,Low
1,1,1.0,0.0,Low
1,1,1.0,0.0,Low
1,1,1.0,0.0,Low
1,1,0.99,1.0,Low
1,1,1.0,0.0,Low
0,0,1.0,100.0,High
0,0,1.0,100.0,High
1,1,1.0,0.0,Low
1,1,1.0,0.0,Low
1,1,0.995,0.5,Low
0,0,1.0,100.0,High
0,0,1.0,100.0,High
1,1,1.0,0.0,Low
1,1,1.0,0.0,Low
1,1,1.0,0.0,Low
1,1,1.0,0.0,Low
0,0,1.0,100.0,High
1,1,1.0,0.0,Low
0,0,1.0,100.0,High
0,0,1.0,100.0,High
1,1,1.0,0.0,Low
0,0,1.0,100.0,High
1,1,1.0,0.0,Low
1,1,0.995,0.5,Low
0,0,1.0,100.0,High
0,0,1.0,100.0,High
0,0,1.0,100.0,High
1,1,1.0,0.0,Low
0,0,1.0,100.0,High
1,1,1.0,0.0,Low
1,1,1.0,0.0,Low
0,0,1.0,100.0,High
1,1,1.0,0.0,Low
1,1,1.0,0.0,Low
0,0,1.0,100.0,High
1,1,0.995,0.5,Low
0,0,1.0,100.0,High
0,0,1.0,100.0,High
0,0,1.0,100.0,High
1,1,1.0,0.0,Low
0,0,1.0,100.0,High
0,0,1.0,100.0,High
0,0,1.0,100.0,High
0,0,0.995,99.5,High
1,1,1.0,0.0,Low
0,0,1.0,100.0,High
0,0,1.0,100.0,High
0,0,1.0,100.0,High
0,0,1.0,100.0,High
0,0,1.0,100.0,High
1,1,1.0,0.0,Low
0,0,1.0,100.0,High
1,1,0.995,0.5,Low
0,0,1.0,100.0,High
0,0,1.0,100.0,High
0,0,1.0,100.0,High
0,0,1.0,100.0,High
1,1,0.99,1.0,Low
1,1,1.0,0.0,Low
1,1,0.995,0.5,Low
1,1,1.0,0.0,Low
0,0,1.0,100.0,High
0,0,1.0,100.0,High
1,1,0.99,1.0,Low
0,0,0.995,99.5,High
0,0,1.0,100.0,High
0,0,1.0,100.0,High
0,0,1.0,100.0,High
0,0,1.0,100.0,High
0,0,1.0,100.0,High
1,1,0.995,0.5,Low
0,0,1.0,100.0,High
0,0,1.0,100.0,High
0,0,1.0,100.0,High
1,1,0.65,35.0,Medium
0,0,1.0,100.0,High
1,1,1.0,0.0,Low
0,0,1.0,100.0,High
1,1,1.0,0.0,Low
1,1,1.0,0.0,Low
0,0,1.0,100.0,High
1,1,1.0,0.0,Low
1,1,1.0,0.0,Low
1,1,1.0,0.0,Low
1,1,0.99,1.0,Low
0,0,1.0,100.0,High
0,0,1.0,100.0,High
0,0,0.985,98.5,High
0,0,1.0,100.0,High
0,0,0.97,97.0,High
1,1,1.0,0.0,Low
1,1,1.0,0.0,Low
1,1,1.0,0.0,Low
0,0,1.0,100.0,High
0,0,1.0,100.0,High
1,1,1.0,0.0,Low
1,1,1.0,0.0,Low
1,1,0.99,1.0,Low
0,0,1.0,100.0,High
1,1,1.0,0.0,Low
1,1,0.975,2.5,Low
0,0,1.0,100.0,High
0,0,1.0,100.0,High
0,0,1.0,100.0,High
0,0,1.0,100.0,High
0,0,1.0,100.0,High
0,0,1.0,100.0,High
1,1,0.99,1.0,Low
0,0,1.0,100.0,High
1,1,1.0,0.0,Low
1,1,1.0,0.0,Low
0,0,1.0,100.0,High
0,0,1.0,100.0,High
0,0,1.0,100.0,High
1,1,1.0,0.0,Low
1,1,0.995,0.5,Low
1,1,0.995,0.5,Low
0,0,1.0,100.0,High
0,0,1.0,100.0,High
1,1,1.0,0.0,Low
1,1,0.935,6.5,Low
0,0,1.0,100.0,High
0,0,1.0,100.0,High
1,1,1.0,0.0,Low
1,1,0.995,0.5,Low
1,1,0.995,0.5,Low
0,0,1.0,100.0,High
1,1,0.96,4.0,Low
1,1,1.0,0.0,Low
0,0,0.985,98.5,High
0,0,1.0,100.0,High
0,0,1.0,100.0,High
1,1,1.0,0.0,Low
0,0,1.0,100.0,High
0,0,1.0,100.0,High
0,0,1.0,100.0,High
0,0,1.0,100.0,High
1,1,1.0,0.0,Low
1,1,1.0,0.0,Low
0,0,1.0,100.0,High
1,1,1.0,0.0,Low
1,1,1.0,0.0,Low
1,1,0.995,0.5,Low
1,1,1.0,0.0,Low
0,0,1.0,100.0,High
1,1,1.0,0.0,Low
1,1,1.0,0.0,Low
1,1,1.0,0.0,Low
1,1,1.0,0.0,Low
0,0,1.0,100.0,High
1,1,0.995,0.5,Low
1,1,1.0,0.0,Low
0,0,1.0,100.0,High
0,0,1.0,100.0,High
1,1,0.99,1.0,Low
1,1,1.0,0.0,Low
0,0,1.0,100.0,High
0,0,1.0,100.0,High
1,1,0.99,1.0,Low
0,0,0.995,99.5,High
1,1,1.0,0.0,Low
0,0,1.0,100.0,High
0,0,1.0,100.0,High
0,0,1.0,100.0,High
1,1,1.0,0.0,Low
1,1,1.0,0.0,Low
1,1,1.0,0.0,Low
1,1,1.0,0.0,Low
0,0,0.985,98.5,High
0,0,1.0,100.0,High
0,0,1.0,100.0,High
1,1,1.0,0.0,Low
1,1,1.0,0.0,Low
1,1,1.0,0.0,Low
0,0,1.0,100.0,High
1,1,1.0,0.0,Low
0,0,0.975,97.5,High
0,0,1.0,100.0,High
0,0,1.0,100.0,High
0,0,1.0,100.0,High
1,1,1.0,0.0,Low
1,1,0.99,1.0,Low
0,0,1.0,100.0,High
0,0,1.0,100.0,High
1,1,1.0,0.0,Low
1,1,1.0,0.0,Low
1,1,1.0,0.0,Low
0,0,1.0,100.0,High
1,1,1.0,0.0,Low
0,0,1.0,100.0,High
1,1,1.0,0.0,Low
1,1,1.0,0.0,Low
0,0,1.0,100.0,High
1,1,1.0,0.0,Low
1,1,1.0,0.0,Low
0,0,1.0,100.0,High
0,0,1.0,100.0,High
0,0,1.0,100.0,High
1,1,0.99,1.0,Low
1,1,0.985,1.5,Low
1,1,1.0,0.0,Low
1,1,1.0,0.0,Low
0,0,1.0,100.0,High
1,1,1.0,0.0,Low
1,1,1.0,0.0,Low
1,1,1.0,0.0,Low
0,0,0.68,68.0,Medium
0,0,1.0,100.0,High
0,0,0.91,91.0,High
1,1,0.98,2.0,Low
0,0,1.0,100.0,High
0,0,0.945,94.5,High
1,1,1.0,0.0,Low
0,0,1.0,100.0,High
0,0,1.0,100.0,High
0,0,1.0,100.0,High
1,1,1.0,0.0,Low
1,1,0.85,15.0,Low
0,0,0.985,98.5,High
1,1,1.0,0.0,Low
0,0,1.0,100.0,High
0,0,1.0,100.0,High
0,0,1.0,100.0,High
0,0,1.0,100.0,High
1,1,1.0,0.0,Low
0,0,1.0,100.0,High
0,0,1.0,100.0,High
0,0,1.0,100.0,High
0,0,1.0,100.0,High
0,0,1.0,100.0,High
0,0,1.0,100.0,High
0,0,1.0,100.0,High
1,1,1.0,0.0,Low
1,1,1.0,0.0,Low
1,1,1.0,0.0,Low
1,1,0.82,18.0,Low
0,0,1.0,100.0,High
1,1,1.0,0.0,Low
0,0,1.0,100.0,High
1,1,1.0,0.0,Low
1,1,0.995,0.5,Low
0,0,1.0,100.0,High
1,1,1.0,0.0,Low
1,1,1.0,0.0,Low
1,1,1.0,0.0,Low
1,1,1.0,0.0,Low
1,1,0.99,1.0,Low
1,1,1.0,0.0,Low
0,0,1.0,100.0,High
0,0,1.0,100.0,High
0,0,1.0,100.0,High
0,0,1.0,100.0,High
1,1,1.0,0.0,Low
1,1,1.0,0.0,Low
0,0,1.0,100.0,High
1,1,1.0,0.0,Low
1,1,1.0,0.0,Low
1,1,1.0,0.0,Low
1,1,1.0,0.0,Low
1,1,1.0,0.0,Low
0,0,1.0,100.0,High
1,1,0.855,14.5,Low
0,0,1.0,100.0,High
1,1,1.0,0.0,Low
0,0,1.0,100.0,High
1,1,0.995,0.5,Low
0,0,1.0,100.0,High
0,0,1.0,100.0,High
1,1,1.0,0.0,Low
0,0,1.0,100.0,High
0,0,1.0,100.0,High
0,0,1.0,100.0,High
1,1,1.0,0.0,Low
0,0,1.0,100.0,High
0,0,1.0,100.0,High
1,1,1.0,0.0,Low
1,1,1.0,0.0,Low
1,1,1.0,0.0,Low
0,0,1.0,100.0,High
1,1,1.0,0.0,Low
1,1,1.0,0.0,Low
1,1,1.0,0.0,Low
1,1,1.0,0.0,Low
1,1,1.0,0.0,Low
1,1,0.995,0.5,Low
0,0,1.0,100.0,High
1,1,1.0,0.0,Low
1,1,1.0,0.0,Low
1,1,1.0,0.0,Low
1,1,1.0,0.0,Low
0,0,0.99,99.0,High
0,0,1.0,100.0,High
1,1,1.0,0.0,Low
1,1,1.0,0.0,Low
0,0,1.0,100.0,High
0,0,1.0,100.0,High
0,0,1.0,100.0,High
0,0,1.0,100.0,High
1,1,0.96,4.0,Low
1,1,1.0,0.0,Low
1,1,1.0,0.0,Low
1,1,1.0,0.0,Low
0,0,1.0,100.0,High
1,1,0.995,0.5,Low
1,1,1.0,0.0,Low
0,0,0.985,98.5,High
1,1,1.0,0.0,Low
0,0,1.0,100.0,High
1,1,1.0,0.0,Low
0,0,1.0,100.0,High
1,1,1.0,0.0,Low
1,1,1.0,0.0,Low
0,0,1.0,100.0,High
1,1,1.0,0.0,Low
0,0,1.0,100.0,High
0,0,1.0,100.0,High
1,1,1.0,0.0,Low
1,1,1.0,0.0,Low
1,1,1.0,0.0,Low
0,0,1.0,100.0,High
1,1,1.0,0.0,Low
1,1,0.995,0.5,Low
1,1,1.0,0.0,Low
0,0,1.0,100.0,High
0,0,1.0,100.0,High
1,1,1.0,0.0,Low
1,1,1.0,0.0,Low
1,1,0.99,1.0,Low
0,0,1.0,100.0,High
1,1,0.975,2.5,Low
1,1,1.0,0.0,Low
1,1,1.0,0.0,Low
0,0,1.0,100.0,High
0,0,1.0,100.0,High
1,1,1.0,0.0,Low
0,0,1.0,100.0,High
1,1,1.0,0.0,Low
1,1,1.0,0.0,Low
1,1,1.0,0.0,Low
1,1,1.0,0.0,Low
1,1,1.0,0.0,Low
1,1,1.0,0.0,Low
0,0,1.0,100.0,High
0,0,1.0,100.0,High
1,1,1.0,0.0,Low
1,1,0.995,0.5,Low
0,0,0.985,98.5,High
0,0,1.0,100.0,High
1,1,1.0,0.0,Low
0,0,1.0,100.0,High
0,0,1.0,100.0,High
1,1,0.85,15.0,Low
0,0,1.0,100.0,High
1,1,1.0,0.0,Low
0,0,0.98,98.0,High
0,0,0.945,94.5,High
1,1,1.0,0.0,Low
0,0,1.0,100.0,High
0,0,1.0,100.0,High
1,1,1.0,0.0,Low
0,0,1.0,100.0,High
0,0,1.0,100.0,High
1,1,0.995,0.5,Low
0,0,1.0,100.0,High
1,1,1.0,0.0,Low
1,1,1.0,0.0,Low
1,1,1.0,0.0,Low
1,1,1.0,0.0,Low
0,0,1.0,100.0,High
0,0,1.0,100.0,High
1,1,1.0,0.0,Low
1,1,1.0,0.0,Low
1,1,1.0,0.0,Low
1,1,1.0,0.0,Low
1,1,1.0,0.0,Low
1,1,1.0,0.0,Low
0,0,1.0,100.0,High
0,0,1.0,100.0,High
1,1,1.0,0.0,Low
0,0,1.0,100.0,High
0,0,0.99,99.0,High
0,0,1.0,100.0,High
0,0,1.0,100.0,High
1,1,1.0,0.0,Low
1,1,1.0,0.0,Low
0,0,1.0,100.0,High
0,0,1.0,100.0,High
1,1,0.995,0.5,Low
1,1,1.0,0.0,Low
1,1,1.0,0.0,Low
0,0,1.0,100.0,High
1,1,1.0,0.0,Low
0,0,1.0,100.0,High
1,1,1.0,0.0,Low
1,1,1.0,0.0,Low
0,0,1.0,100.0,High
1,1,0.925,7.5,Low
1,1,1.0,0.0,Low
0,0,1.0,100.0,High
1,1,1.0,0.0,Low
1,1,0.99,1.0,Low
0,0,1.0,100.0,High
0,0,0.785,78.5,High
0,0,1.0,100.0,High
0,0,1.0,100.0,High
1,1,1.0,0.0,Low
1,1,1.0,0.0,Low
1,1,1.0,0.0,Low
1,1,1.0,0.0,Low
0,0,1.0,100.0,High
1,1,1.0,0.0,Low
0,0,1.0,100.0,High
1,1,1.0,0.0,Low
0,0,1.0,100.0,High
1,1,1.0,0.0,Low
0,0,1.0,100.0,High
0,0,1.0,100.0,High
1,1,1.0,0.0,Low
1,1,1.0,0.0,Low
1,1,1.0,0.0,Low
0,0,1.0,100.0,High
0,0,1.0,100.0,High
1,1,1.0,0.0,Low
1,1,0.995,0.5,Low
0,0,1.0,100.0,High
0,0,1.0,100.0,High
0,0,1.0,100.0,High
0,0,1.0,100.0,High
1,1,1.0,0.0,Low
1,1,1.0,0.0,Low
1,1,1.0,0.0,Low
1,1,0.995,0.5,Low
0,0,1.0,100.0,High
0,0,1.0,100.0,High
1,1,1.0,0.0,Low
1,1,1.0,0.0,Low
1,1,0.99,1.0,Low
0,0,1.0,100.0,High
1,1,0.995,0.5,Low
1,1,1.0,0.0,Low
0,0,1.0,100.0,High
0,0,1.0,100.0,High
0,0,1.0,100.0,High
1,1,0.96,4.0,Low
1,1,1.0,0.0,Low
0,0,1.0,100.0,High
1,1,1.0,0.0,Low
1,1,1.0,0.0,Low
1,1,1.0,0.0,Low
0,0,1.0,100.0,High
0,0,1.0,100.0,High
0,0,1.0,100.0,High
0,0,1.0,100.0,High
1,1,1.0,0.0,Low
0,0,1.0,100.0,High
1,1,1.0,0.0,Low
1,1,1.0,0.0,Low
1,1,1.0,0.0,Low
1,1,0.99,1.0,Low
1,1,1.0,0.0,Low
1,1,1.0,0.0,Low
1,1,1.0,0.0,Low
0,0,1.0,100.0,High
1,1,1.0,0.0,Low
0,0,1.0,100.0,High
1,1,1.0,0.0,Low
1,1,1.0,0.0,Low
1,1,1.0,0.0,Low
0,0,1.0,100.0,High
0,0,0.995,99.5,High
0,0,1.0,100.0,High
1,1,1.0,0.0,Low
1,1,1.0,0.0,Low
0,0,1.0,100.0,High
1,1,1.0,0.0,Low
1,1,1.0,0.0,Low
1,1,1.0,0.0,Low
0,0,0.98,98.0,High
1,1,1.0,0.0,Low
0,0,1.0,100.0,High
1,1,1.0,0.0,Low
0,0,1.0,100.0,High
1,1,1.0,0.0,Low
1,1,1.0,0.0,Low
0,0,1.0,100.0,High
1,1,1.0,0.0,Low
0,0,1.0,100.0,High
0,0,1.0,100.0,High
0,0,1.0,100.0,High
0,0,1.0,100.0,High
1,1,1.0,0.0,Low
1,1,1.0,0.0,Low
0,0,1.0,100.0,High
1,1,1.0,0.0,Low
1,1,1.0,0.0,Low
0,0,1.0,100.0,High
0,0,1.0,100.0,High
1,1,1.0,0.0,Low
1,1,1.0,0.0,Low
0,0,1.0,100.0,High
1,1,1.0,0.0,Low
0,0,1.0,100.0,High
1,1,1.0,0.0,Low
1,1,1.0,0.0,Low
0,0,1.0,100.0,High
1,1,1.0,0.0,Low
0,0,1.0,100.0,High
1,1,1.0,0.0,Low
1,1,1.0,0.0,Low
1,1,1.0,0.0,Low
1,1,1.0,0.0,Low
0,0,1.0,100.0,High
0,0,1.0,100.0,High
1,1,1.0,0.0,Low
1,1,1.0,0.0,Low
1,1,1.0,0.0,Low
0,0,1.0,100.0,High
0,0,1.0,100.0,High
1,1,1.0,0.0,Low
0,0,1.0,100.0,High
0,0,1.0,100.0,High
1,1,1.0,0.0,Low
0,0,1.0,100.0,High
0,0,1.0,100.0,High
0,0,1.0,100.0,High
1,1,1.0,0.0,Low
0,0,1.0,100.0,High
0,0,0.58,58.0,Medium
0,0,1.0,100.0,High
1,1,0.995,0.5,Low
1,1,1.0,0.0,Low
1,1,1.0,0.0,Low
0,0,1.0,100.0,High
1,1,1.0,0.0,Low
1,1,0.985,1.5,Low
1,1,1.0,0.0,Low
1,1,1.0,0.0,Low
0,0,1.0,100.0,High
1,1,1.0,0.0,Low
0,0,0.995,99.5,High
0,0,1.0,100.0,High
1,1,1.0,0.0,Low
0,0,1.0,100.0,High
1,1,1.0,0.0,Low
1,1,1.0,0.0,Low
0,0,1.0,100.0,High
0,0,1.0,100.0,High
1,1,1.0,0.0,Low
0,0,1.0,100.0,High
1,1,1.0,0.0,Low
1,1,1.0,0.0,Low
1,1,1.0,0.0,Low
1,1,0.995,0.5,Low
0,0,1.0,100.0,High
1,1,1.0,0.0,Low
0,0,1.0,100.0,High
0,0,1.0,100.0,High
0,0,1.0,100.0,High
0,0,1.0,100.0,High
1,1,0.995,0.5,Low
0,0,1.0,100.0,High
1,1,1.0,0.0,Low
1,1,1.0,0.0,Low
0,0,0.985,98.5,High
0,0,1.0,100.0,High
1,1,1.0,0.0,Low
1,1,1.0,0.0,Low
1,1,1.0,0.0,Low
0,0,1.0,100.0,High
1,1,1.0,0.0,Low
1,1,0.96,4.0,Low
1,1,1.0,0.0,Low
0,0,1.0,100.0,High
0,0,1.0,100.0,High
1,1,1.0,0.0,Low
1,1,1.0,0.0,Low
1,1,1.0,0.0,Low
0,0,1.0,100.0,High
0,0,1.0,100.0,High
0,0,1.0,100.0,High
0,0,1.0,100.0,High
1,1,1.0,0.0,Low
0,0,1.0,100.0,High
1,1,0.96,4.0,Low
1,1,1.0,0.0,Low
1,1,1.0,0.0,Low
1,1,1.0,0.0,Low
1,1,1.0,0.0,Low
1,1,1.0,0.0,Low
1,1,0.975,2.5,Low
1,1,0.97,3.0,Low
0,0,1.0,100.0,High
1,1,0.885,11.5,Low
1,1,1.0,0.0,Low
1,1,1.0,0.0,Low
0,0,1.0,100.0,High
0,0,0.995,99.5,High
0,0,0.995,99.5,High
0,0,1.0,100.0,High
0,0,1.0,100.0,High
1,1,1.0,0.0,Low
0,0,1.0,100.0,High
0,0,0.995,99.5,High
1,1,1.0,0.0,Low
1,1,1.0,0.0,Low
1,1,0.95,5.0,Low
0,0,1.0,100.0,High
0,0,1.0,100.0,High
0,0,1.0,100.0,High
1,1,1.0,0.0,Low
1,1,1.0,0.0,Low
1,1,1.0,0.0,Low
0,0,1.0,100.0,High
0,0,1.0,100.0,High
0,0,1.0,100.0,High
1,1,1.0,0.0,Low
1,1,1.0,0.0,Low
1,1,1.0,0.0,Low
1,1,1.0,0.0,Low
1,1,1.0,0.0,Low
1,1,1.0,0.0,Low
0,0,0.985,98.5,High
1,1,0.99,1.0,Low
1,1,1.0,0.0,Low
0,0,1.0,100.0,High
1,1,1.0,0.0,Low
1,1,1.0,0.0,Low
1,1,1.0,0.0,Low
0,0,1.0,100.0,High
1,1,1.0,0.0,Low
0,0,1.0,100.0,High
0,0,1.0,100.0,High
1,1,1.0,0.0,Low
1,1,1.0,0.0,Low
0,0,1.0,100.0,High
1,1,1.0,0.0,Low
0,0,1.0,100.0,High
0,0,0.99,99.0,High
0,0,1.0,100.0,High
1,1,1.0,0.0,Low
0,0,1.0,100.0,High
1,1,1.0,0.0,Low
1,1,1.0,0.0,Low
0,0,1.0,100.0,High
0,0,1.0,100.0,High
1,1,1.0,0.0,Low
1,1,1.0,0.0,Low
1,1,1.0,0.0,Low
0,0,0.75,75.0,High
1,1,1.0,0.0,Low
0,0,1.0,100.0,High
1,1,1.0,0.0,Low
1,1,1.0,0.0,Low
1,1,0.99,1.0,Low
0,0,1.0,100.0,High
1,1,1.0,0.0,Low
1,1,1.0,0.0,Low
0,0,1.0,100.0,High
1,1,1.0,0.0,Low
0,0,1.0,100.0,High
1,1,1.0,0.0,Low
1,1,1.0,0.0,Low
1,1,1.0,0.0,Low
1,1,1.0,0.0,Low
1,1,1.0,0.0,Low
1,1,0.99,1.0,Low
0,0,1.0,100.0,High
0,0,1.0,100.0,High
0,0,1.0,100.0,High
0,0,1.0,100.0,High
1,1,1.0,0.0,Low
0,0,1.0,100.0,High
0,0,1.0,100.0,High
0,0,1.0,100.0,High
1,1,1.0,0.0,Low
1,1,1.0,0.0,Low
1,1,1.0,0.0,Low
0,0,1.0,100.0,High
0,0,0.995,99.5,High
0,0,1.0,100.0,High
1,1,1.0,0.0,Low
0,0,1.0,100.0,High
1,1,0.995,0.5,Low
0,0,1.0,100.0,High
0,0,1.0,100.0,High
1,1,1.0,0.0,Low
1,1,1.0,0.0,Low
0,0,1.0,100.0,High
1,1,1.0,0.0,Low
0,0,1.0,100.0,High
1,1,1.0,0.0,Low
1,1,1.0,0.0,Low
1,1,1.0,0.0,Low
1,1,1.0,0.0,Low
1,1,1.0,0.0,Low
0,0,1.0,100.0,High
0,0,1.0,100.0,High
0,0,1.0,100.0,High
1,1,0.96,4.0,Low
0,0,1.0,100.0,High
1,1,1.0,0.0,Low
1,1,1.0,0.0,Low
0,0,1.0,100.0,High
0,0,0.735,73.5,High
0,0,1.0,100.0,High
1,1,1.0,0.0,Low
1,1,1.0,0.0,Low
1,1,1.0,0.0,Low
1,1,1.0,0.0,Low
0,0,1.0,100.0,High
1,1,1.0,0.0,Low
0,0,1.0,100.0,High
1,1,1.0,0.0,Low
0,0,1.0,100.0,High
0,0,1.0,100.0,High
0,0,1.0,100.0,High
0,0,1.0,100.0,High
1,1,1.0,0.0,Low
1,1,1.0,0.0,Low
0,0,1.0,100.0,High
0,0,1.0,100.0,High
0,0,1.0,100.0,High
1,1,1.0,0.0,Low
1,1,1.0,0.0,Low
0,0,1.0,100.0,High
1,1,1.0,0.0,Low
0,0,1.0,100.0,High
1,1,1.0,0.0,Low
1,1,0.935,6.5,Low
1,1,1.0,0.0,Low
1,1,0.99,1.0,Low
0,0,1.0,100.0,High
0,0,1.0,100.0,High
0,0,1.0,100.0,High
0,0,1.0,100.0,High
0,1,0.59,41.0,Medium
0,0,1.0,100.0,High
1,1,1.0,0.0,Low
0,0,1.0,100.0,High
1,1,1.0,0.0,Low
1,1,1.0,0.0,Low
1,1,0.995,0.5,Low
0,0,1.0,100.0,High
1,1,1.0,0.0,Low
1,1,1.0,0.0,Low
0,0,1.0,100.0,High
1,1,1.0,0.0,Low
0,0,1.0,100.0,High
0,0,1.0,100.0,High
0,0,1.0,100.0,High
0,0,0.995,99.5,High
0,0,1.0,100.0,High
0,0,1.0,100.0,High
0,0,1.0,100.0,High
0,0,1.0,100.0,High
0,0,1.0,100.0,High
0,0,1.0,100.0,High
1,1,0.915,8.5,Low
1,1,1.0,0.0,Low
1,1,1.0,0.0,Low
0,0,1.0,100.0,High
1,1,1.0,0.0,Low
0,0,1.0,100.0,High
0,0,1.0,100.0,High
1,1,1.0,0.0,Low
0,0,1.0,100.0,High
0,0,1.0,100.0,High
1,1,0.655,34.5,Medium
1,1,1.0,0.0,Low
1,1,1.0,0.0,Low
0,0,1.0,100.0,High
0,0,1.0,100.0,High
1,1,0.995,0.5,Low
0,0,1.0,100.0,High
0,0,1.0,100.0,High
1,1,1.0,0.0,Low
1,1,1.0,0.0,Low
1,1,1.0,0.0,Low
1,1,1.0,0.0,Low
1,1,1.0,0.0,Low
0,0,1.0,100.0,High
1,1,1.0,0.0,Low
1,1,1.0,0.0,Low
1,1,0.985,1.5,Low
1,1,1.0,0.0,Low
1,1,1.0,0.0,Low
1,1,1.0,0.0,Low
1,1,1.0,0.0,Low
0,0,1.0,100.0,High
1,1,1.0,0.0,Low
1,1,1.0,0.0,Low
0,0,1.0,100.0,High
0,0,1.0,100.0,High
0,0,1.0,100.0,High
0,0,1.0,100.0,High
0,0,0.965,96.5,High
0,0,1.0,100.0,High
0,0,1.0,100.0,High
0,0,0.945,94.5,High
1,1,1.0,0.0,Low
1,1,1.0,0.0,Low
1,1,0.925,7.5,Low
1,1,1.0,0.0,Low
0,0,1.0,100.0,High
0,0,1.0,100.0,High
0,0,1.0,100.0,High
0,0,1.0,100.0,High
1,1,1.0,0.0,Low
0,0,1.0,100.0,High
0,0,1.0,100.0,High
0,0,1.0,100.0,High
0,0,0.995,99.5,High
1,1,1.0,0.0,Low
0,0,1.0,100.0,High
1,1,1.0,0.0,Low
1,1,0.98,2.0,Low
0,0,1.0,100.0,High
1,1,1.0,0.0,Low
0,0,0.905,90.5,High
1,1,1.0,0.0,Low
1,1,1.0,0.0,Low
0,0,1.0,100.0,High
1,1,0.985,1.5,Low
1,1,1.0,0.0,Low
1,1,1.0,0.0,Low
0,0,0.995,99.5,High
1,1,0.995,0.5,Low
1,1,1.0,0.0,Low
0,0,1.0,100.0,High
0,0,1.0,100.0,High
1,1,1.0,0.0,Low
1,1,1.0,0.0,Low
1,1,1.0,0.0,Low
1,1,1.0,0.0,Low
0,0,1.0,100.0,High
1,1,1.0,0.0,Low
1,1,1.0,0.0,Low
1,1,0.975,2.5,Low
1,1,1.0,0.0,Low
1,1,1.0,0.0,Low
1,1,0.98,2.0,Low
1,1,1.0,0.0,Low
0,0,0.945,94.5,High
1,1,1.0,0.0,Low
0,0,1.0,100.0,High
0,0,1.0,100.0,High
1,1,1.0,0.0,Low
1,1,1.0,0.0,Low
0,0,1.0,100.0,High
1,1,0.935,6.5,Low
1,1,1.0,0.0,Low
0,0,1.0,100.0,High
1,1,1.0,0.0,Low
1,1,1.0,0.0,Low
0,0,1.0,100.0,High
1,1,1.0,0.0,Low
0,0,1.0,100.0,High
1,1,1.0,0.0,Low
0,0,1.0,100.0,High
0,0,1.0,100.0,High
1,1,1.0,0.0,Low
0,0,1.0,100.0,High
1,1,1.0,0.0,Low
1,1,1.0,0.0,Low
1,1,1.0,0.0,Low
1,1,1.0,0.0,Low
1,1,1.0,0.0,Low
0,0,1.0,100.0,High
1,1,1.0,0.0,Low
0,0,1.0,100.0,High
0,0,1.0,100.0,High
0,0,0.995,99.5,High
1,1,1.0,0.0,Low
0,0,1.0,100.0,High
1,1,0.975,2.5,Low
0,0,1.0,100.0,High
1,1,1.0,0.0,Low
0,0,1.0,100.0,High
0,0,1.0,100.0,High
0,0,1.0,100.0,High
0,0,0.99,99.0,High
0,0,0.575,57.5,Medium
1,1,1.0,0.0,Low
0,0,1.0,100.0,High
1,1,0.93,7.0,Low
0,0,1.0,100.0,High
0,0,0.985,98.5,High
1,1,1.0,0.0,Low
0,0,1.0,100.0,High
1,1,1.0,0.0,Low
1,1,1.0,0.0,Low
0,0,1.0,100.0,High
1,1,0.99,1.0,Low
0,0,1.0,100.0,High
0,0,1.0,100.0,High
1,1,1.0,0.0,Low
1,1,0.99,1.0,Low
0,0,1.0,100.0,High
1,1,1.0,0.0,Low
0,0,1.0,100.0,High
1,1,1.0,0.0,Low
1,1,1.0,0.0,Low
0,0,1.0,100.0,High
0,0,1.0,100.0,High
0,0,1.0,100.0,High
0,0,1.0,100.0,High
1,1,1.0,0.0,Low
1,1,0.98,2.0,Low
0,0,1.0,100.0,High
1,1,0.98,2.0,Low
0,0,1.0,100.0,High
0,0,1.0,100.0,High
1,1,1.0,0.0,Low
0,0,1.0,100.0,High
1,1,1.0,0.0,Low
1,1,1.0,0.0,Low
0,0,1.0,100.0,High
1,1,0.99,1.0,Low
0,0,1.0,100.0,High
1,1,1.0,0.0,Low
1,1,1.0,0.0,Low
1,1,0.995,0.5,Low
0,0,1.0,100.0,High
1,1,1.0,0.0,Low
1,1,1.0,0.0,Low
1,1,1.0,0.0,Low
1,1,1.0,0.0,Low
1,1,0.935,6.5,Low
0,0,1.0,100.0,High
0,0,0.95,95.0,High
0,0,1.0,100.0,High
1,1,1.0,0.0,Low
1,1,1.0,0.0,Low
0,0,1.0,100.0,High
0,0,1.0,100.0,High
0,0,1.0,100.0,High
1,1,1.0,0.0,Low
1,1,1.0,0.0,Low
0,0,1.0,100.0,High
0,0,0.985,98.5,High
0,0,0.955,95.5,High
0,0,1.0,100.0,High
0,0,1.0,100.0,High
0,0,1.0,100.0,High
1,1,0.995,0.5,Low
1,1,0.99,1.0,Low
0,0,1.0,100.0,High
0,0,1.0,100.0,High
1,1,1.0,0.0,Low
1,1,1.0,0.0,Low
1,1,1.0,0.0,Low
0,0,0.885,88.5,High
0,0,1.0,100.0,High
1,1,0.99,1.0,Low
0,0,1.0,100.0,High
0,0,1.0,100.0,High
0,0,1.0,100.0,High
1,1,1.0,0.0,Low
0,0,0.99,99.0,High
0,0,1.0,100.0,High
1,1,1.0,0.0,Low
1,1,1.0,0.0,Low
0,0,1.0,100.0,High
1,1,1.0,0.0,Low
1,1,1.0,0.0,Low
0,0,1.0,100.0,High
1,1,1.0,0.0,Low
0,0,1.0,100.0,High
0,0,1.0,100.0,High
0,0,0.995,99.5,High
0,0,1.0,100.0,High
0,0,1.0,100.0,High
0,0,1.0,100.0,High
0,0,1.0,100.0,High
0,0,1.0,100.0,High
0,0,0.99,99.0,High
1,1,1.0,0.0,Low
0,0,1.0,100.0,High
0,0,1.0,100.0,High
0,0,0.99,99.0,High
0,0,1.0,100.0,High
1,1,1.0,0.0,Low
0,0,1.0,100.0,High
0,0,1.0,100.0,High
1,1,1.0,0.0,Low
0,0,1.0,100.0,High
0,0,1.0,100.0,High
0,0,1.0,100.0,High
1,1,1.0,0.0,Low
0,0,1.0,100.0,High
0,0,1.0,100.0,High
1,1,1.0,0.0,Low
1,1,1.0,0.0,Low
0,0,1.0,100.0,High
1,1,1.0,0.0,Low
1,1,1.0,0.0,Low
0,0,1.0,100.0,High
1,1,1.0,0.0,Low
1,1,1.0,0.0,Low
1,1,1.0,0.0,Low
0,0,1.0,100.0,High
1,1,0.995,0.5,Low
0,0,1.0,100.0,High
1,1,1.0,0.0,Low
1,1,1.0,0.0,Low
1,1,1.0,0.0,Low
0,0,1.0,100.0,High
0,0,1.0,100.0,High
1,1,1.0,0.0,Low
0,0,1.0,100.0,High
1,1,1.0,0.0,Low
1,1,1.0,0.0,Low
0,0,1.0,100.0,High
0,0,0.995,99.5,High
0,0,1.0,100.0,High
0,0,1.0,100.0,High
1,1,1.0,0.0,Low
0,0,1.0,100.0,High
1,1,1.0,0.0,Low
0,0,1.0,100.0,High
1,1,1.0,0.0,Low
0,0,1.0,100.0,High
1,1,0.995,0.5,Low
1,1,0.99,1.0,Low
1,1,1.0,0.0,Low
1,1,1.0,0.0,Low
0,0,0.95,95.0,High
0,0,1.0,100.0,High
0,0,1.0,100.0,High
0,0,1.0,100.0,High
0,0,1.0,100.0,High
0,0,1.0,100.0,High
0,0,1.0,100.0,High
1,1,1.0,0.0,Low
0,0,1.0,100.0,High
1,1,1.0,0.0,Low
1,1,1.0,0.0,Low
1,1,1.0,0.0,Low
0,0,1.0,100.0,High
1,1,1.0,0.0,Low
0,0,1.0,100.0,High
0,0,1.0,100.0,High
0,0,1.0,100.0,High
0,0,1.0,100.0,High
1,1,1.0,0.0,Low
1,1,1.0,0.0,Low
1,1,1.0,0.0,Low
1,1,1.0,0.0,Low
0,0,1.0,100.0,High
0,0,1.0,100.0,High
1,1,0.995,0.5,Low
1,1,1.0,0.0,Low
0,0,1.0,100.0,High
0,0,1.0,100.0,High
0,0,1.0,100.0,High
0,0,1.0,100.0,High
0,0,1.0,100.0,High
1,1,1.0,0.0,Low
1,1,1.0,0.0,Low
1,1,1.0,0.0,Low
1,1,1.0,0.0,Low
0,0,1.0,100.0,High
1,1,1.0,0.0,Low
0,0,1.0,100.0,High
1,1,1.0,0.0,Low
0,0,1.0,100.0,High
0,0,1.0,100.0,High
1,1,1.0,0.0,Low
0,0,1.0,100.0,High
1,1,1.0,0.0,Low
1,1,0.995,0.5,Low
0,0,1.0,100.0,High
0,0,1.0,100.0,High
0,0,1.0,100.0,High
0,0,1.0,100.0,High
1,1,1.0,0.0,Low
1,1,1.0,0.0,Low
1,1,1.0,0.0,Low
0,0,1.0,100.0,High
1,1,1.0,0.0,Low
1,1,1.0,0.0,Low
1,1,0.995,0.5,Low
0,0,1.0,100.0,High
0,0,1.0,100.0,High
0,0,1.0,100.0,High
0,0,1.0,100.0,High
1,1,1.0,0.0,Low
0,0,1.0,100.0,High
1,1,1.0,0.0,Low
0,0,1.0,100.0,High
1,1,1.0,0.0,Low
0,0,1.0,100.0,High
0,0,1.0,100.0,High
1,1,1.0,0.0,Low
1,1,1.0,0.0,Low
1,1,1.0,0.0,Low
0,0,1.0,100.0,High
0,0,0.965,96.5,High
1,1,1.0,0.0,Low
0,0,1.0,100.0,High
1,1,1.0,0.0,Low
1,1,1.0,0.0,Low
0,0,1.0,100.0,High
0,0,1.0,100.0,High
1,1,1.0,0.0,Low
0,0,1.0,100.0,High
1,1,1.0,0.0,Low
0,0,1.0,100.0,High
0,0,1.0,100.0,High
1,1,1.0,0.0,Low
0,0,1.0,100.0,High
0,0,1.0,100.0,High
0,0,1.0,100.0,High
0,0,1.0,100.0,High
1,1,1.0,0.0,Low
1,1,1.0,0.0,Low
0,0,1.0,100.0,High
1,1,1.0,0.0,Low
0,0,1.0,100.0,High
0,0,0.81,81.0,High
0,0,1.0,100.0,High
1,1,0.99,1.0,Low
1,1,0.985,1.5,Low
1,1,1.0,0.0,Low
1,1,1.0,0.0,Low
1,1,1.0,0.0,Low
0,0,1.0,100.0,High
0,0,1.0,100.0,High
0,0,0.995,99.5,High
1,1,1.0,0.0,Low
1,1,1.0,0.0,Low
1,1,1.0,0.0,Low
0,0,1.0,100.0,High
1,1,1.0,0.0,Low
0,0,0.945,94.5,High
0,0,1.0,100.0,High
1,1,1.0,0.0,Low
1,1,0.95,5.0,Low
1,1,1.0,0.0,Low
1,1,0.995,0.5,Low
0,0,1.0,100.0,High
0,0,1.0,100.0,High
1,1,1.0,0.0,Low
1,1,1.0,0.0,Low
1,1,1.0,0.0,Low
0,0,1.0,100.0,High
0,0,0.97,97.0,High
1,1,0.995,0.5,Low
1,1,1.0,0.0,Low
1,1,1.0,0.0,Low
1,1,1.0,0.0,Low
0,0,1.0,100.0,High
0,0,1.0,100.0,High
0,0,1.0,100.0,High
0,0,1.0,100.0,High
1,1,0.975,2.5,Low
1,1,0.995,0.5,Low
0,0,1.0,100.0,High
0,0,1.0,100.0,High
0,0,1.0,100.0,High
0,0,1.0,100.0,High
0,0,1.0,100.0,High
1,1,1.0,0.0,Low
0,0,1.0,100.0,High
0,0,1.0,100.0,High
1,1,0.985,1.5,Low
1,1,1.0,0.0,Low
0,0,1.0,100.0,High
0,0,1.0,100.0,High
1,1,1.0,0.0,Low
1,1,1.0,0.0,Low
1,1,1.0,0.0,Low
0,0,1.0,100.0,High
1,1,1.0,0.0,Low
1,1,0.985,1.5,Low
0,0,0.955,95.5,High
0,0,1.0,100.0,High
0,0,1.0,100.0,High
1,1,0.985,1.5,Low
1,1,1.0,0.0,Low
0,0,1.0,100.0,High
0,0,1.0,100.0,High
0,0,1.0,100.0,High
0,0,1.0,100.0,High
1,1,1.0,0.0,Low
1,1,1.0,0.0,Low
1,1,1.0,0.0,Low
1,1,1.0,0.0,Low
1,1,1.0,0.0,Low
0,0,1.0,100.0,High
0,0,1.0,100.0,High
1,1,1.0,0.0,Low
1,1,1.0,0.0,Low
1,1,1.0,0.0,Low
1,1,1.0,0.0,Low
0,0,1.0,100.0,High
1,1,0.89,11.0,Low
0,0,1.0,100.0,High
0,0,1.0,100.0,High
1,1,1.0,0.0,Low
1,1,1.0,0.0,Low
1,1,0.995,0.5,Low
1,1,1.0,0.0,Low
0,0,1.0,100.0,High
0,0,1.0,100.0,High
1,1,1.0,0.0,Low
0,0,1.0,100.0,High
1,1,1.0,0.0,Low
1,1,0.995,0.5,Low
0,0,1.0,100.0,High
0,0,1.0,100.0,High
0,0,1.0,100.0,High
0,0,1.0,100.0,High
0,0,1.0,100.0,High
0,0,1.0,100.0,High
1,1,1.0,0.0,Low
1,1,1.0,0.0,Low
1,1,1.0,0.0,Low
0,0,1.0,100.0,High
1,1,1.0,0.0,Low
1,1,1.0,0.0,Low
1,1,1.0,0.0,Low
1,1,1.0,0.0,Low
0,0,1.0,100.0,High
1,1,1.0,0.0,Low
0,0,0.98,98.0,High
1,1,1.0,0.0,Low
0,0,0.97,97.0,High
1,1,1.0,0.0,Low
1,1,1.0,0.0,Low
1,1,1.0,0.0,Low
1,1,0.995,0.5,Low
0,0,1.0,100.0,High
0,0,0.92,92.0,High
1,1,1.0,0.0,Low
1,1,1.0,0.0,Low
0,0,1.0,100.0,High
0,0,1.0,100.0,High
0,0,1.0,100.0,High
1,1,1.0,0.0,Low
1,1,1.0,0.0,Low
1,1,0.955,4.5,Low
1,1,1.0,0.0,Low
1,1,1.0,0.0,Low
0,0,1.0,100.0,High
1,1,1.0,0.0,Low
0,0,1.0,100.0,High
0,0,1.0,100.0,High
1,1,1.0,0.0,Low
0,0,1.0,100.0,High
1,1,1.0,0.0,Low
1,1,1.0,0.0,Low
1,1,0.995,0.5,Low
0,0,1.0,100.0,High
1,1,0.98,2.0,Low
0,0,0.995,99.5,High
1,1,0.985,1.5,Low
1,1,1.0,0.0,Low
0,0,0.84,84.0,High
0,0,0.965,96.5,High
1,1,1.0,0.0,Low
1,1,1.0,0.0,Low
0,0,1.0,100.0,High
0,0,1.0,100.0,High
1,1,0.985,1.5,Low
1,1,1.0,0.0,Low
1,1,1.0,0.0,Low
1,1,1.0,0.0,Low
1,1,1.0,0.0,Low
0,0,1.0,100.0,High
0,0,1.0,100.0,High
0,0,1.0,100.0,High
1,1,1.0,0.0,Low
0,0,1.0,100.0,High
1,1,1.0,0.0,Low
1,1,1.0,0.0,Low
1,1,1.0,0.0,Low
1,1,1.0,0.0,Low
0,0,1.0,100.0,High
1,1,1.0,0.0,Low
0,0,0.99,99.0,High
0,0,1.0,100.0,High
1,1,1.0,0.0,Low
1,1,1.0,0.0,Low
1,1,1.0,0.0,Low
1,1,1.0,0.0,Low
0,0,1.0,100.0,High
1,1,0.57,43.0,Medium
1,1,1.0,0.0,Low
0,0,1.0,100.0,High
0,0,1.0,100.0,High
0,0,1.0,100.0,High
1,1,1.0,0.0,Low
1,1,1.0,0.0,Low
0,0,1.0,100.0,High
0,0,1.0,100.0,High
0,0,1.0,100.0,High
1,1,0.865,13.5,Low
1,1,1.0,0.0,Low
1,1,1.0,0.0,Low
1,1,1.0,0.0,Low
1,1,1.0,0.0,Low
0,0,0.995,99.5,High
1,1,1.0,0.0,Low
0,0,1.0,100.0,High
1,1,1.0,0.0,Low
1,1,1.0,0.0,Low
1,1,0.93,7.0,Low
1,1,1.0,0.0,Low
1,1,1.0,0.0,Low
0,0,1.0,100.0,High
1,1,1.0,0.0,Low
0,0,0.865,86.5,High
1,1,1.0,0.0,Low
0,0,1.0,100.0,High
0,0,1.0,100.0,High
1,1,1.0,0.0,Low
1,1,1.0,0.0,Low
1,1,1.0,0.0,Low
1,1,0.91,9.0,Low
0,0,1.0,100.0,High
0,0,1.0,100.0,High
0,0,1.0,100.0,High
0,0,1.0,100.0,High
0,0,1.0,100.0,High
0,0,1.0,100.0,High
0,0,1.0,100.0,High
0,0,1.0,100.0,High
0,0,1.0,100.0,High
0,0,1.0,100.0,High
1,1,1.0,0.0,Low
1,1,1.0,0.0,Low
1,1,0.995,0.5,Low
0,0,1.0,100.0,High
1,1,1.0,0.0,Low
0,0,1.0,100.0,High
0,0,1.0,100.0,High
1,1,1.0,0.0,Low
1,1,1.0,0.0,Low
0,0,1.0,100.0,High
0,0,1.0,100.0,High
1,1,1.0,0.0,Low
1,1,1.0,0.0,Low
0,0,1.0,100.0,High
1,1,0.97,3.0,Low
1,1,0.995,0.5,Low
0,0,1.0,100.0,High
1,1,1.0,0.0,Low
0,0,1.0,100.0,High
1,1,1.0,0.0,Low
1,1,1.0,0.0,Low
1,1,1.0,0.0,Low
1,1,1.0,0.0,Low
0,0,0.97,97.0,High
1,1,0.99,1.0,Low
1,1,1.0,0.0,Low
1,1,1.0,0.0,Low
1,1,1.0,0.0,Low
1,1,1.0,0.0,Low
1,1,1.0,0.0,Low
0,0,1.0,100.0,High
1,1,1.0,0.0,Low
1,1,1.0,0.0,Low
0,0,1.0,100.0,High
0,0,1.0,100.0,High
1,1,0.97,3.0,Low
0,0,1.0,100.0,High
1,1,1.0,0.0,Low
1,1,1.0,0.0,Low
1,1,1.0,0.0,Low
0,0,1.0,100.0,High
1,1,1.0,0.0,Low
0,0,1.0,100.0,High
1,1,1.0,0.0,Low
0,0,1.0,100.0,High
1,1,1.0,0.0,Low
0,0,1.0,100.0,High
1,1,0.995,0.5,Low
0,0,1.0,100.0,High
1,1,1.0,0.0,Low
1,1,1.0,0.0,Low
1,1,1.0,0.0,Low
1,1,1.0,0.0,Low
0,0,1.0,100.0,High
0,0,0.995,99.5,High
1,1,1.0,0.0,Low
0,0,1.0,100.0,High
1,1,1.0,0.0,Low
1,1,1.0,0.0,Low
1,1,1.0,0.0,Low
0,0,0.995,99.5,High
1,1,0.99,1.0,Low
0,0,1.0,100.0,High
0,0,1.0,100.0,High
1,1,1.0,0.0,Low
0,0,0.995,99.5,High
1,1,1.0,0.0,Low
0,0,1.0,100.0,High
1,1,1.0,0.0,Low
1,1,1.0,0.0,Low
1,1,1.0,0.0,Low
1,1,1.0,0.0,Low
0,0,1.0,100.0,High
0,0,1.0,100.0,High
0,0,1.0,100.0,High
1,1,1.0,0.0,Low
0,0,1.0,100.0,High
1,1,1.0,0.0,Low
1,1,1.0,0.0,Low
1,1,0.96,4.0,Low
0,0,1.0,100.0,High
0,0,1.0,100.0,High
1,1,1.0,0.0,Low
0,0,1.0,100.0,High
0,0,1.0,100.0,High
0,0,1.0,100.0,High
1,1,1.0,0.0,Low
1,1,1.0,0.0,Low
0,0,0.98,98.0,High
1,1,1.0,0.0,Low
1,1,1.0,0.0,Low
0,0,1.0,100.0,High
1,1,1.0,0.0,Low
0,0,1.0,100.0,High
0,0,1.0,100.0,High
1,1,1.0,0.0,Low
0,0,1.0,100.0,High
1,1,1.0,0.0,Low
0,0,1.0,100.0,High
1,1,1.0,0.0,Low
1,1,1.0,0.0,Low
0,0,1.0,100.0,High
1,1,1.0,0.0,Low
1,1,0.975,2.5,Low
0,0,1.0,100.0,High
0,0,1.0,100.0,High
0,0,1.0,100.0,High
1,1,1.0,0.0,Low
1,1,1.0,0.0,Low
1,1,1.0,0.0,Low
1,1,0.935,6.5,Low
1,1,1.0,0.0,Low
1,1,1.0,0.0,Low
0,0,1.0,100.0,High
0,0,1.0,100.0,High
1,1,1.0,0.0,Low
1,1,1.0,0.0,Low
1,1,1.0,0.0,Low
1,1,0.99,1.0,Low
1,1,1.0,0.0,Low
0,0,0.99,99.0,High
1,1,0.995,0.5,Low
1,1,1.0,0.0,Low
1,1,1.0,0.0,Low
0,0,1.0,100.0,High
1,1,1.0,0.0,Low
0,0,1.0,100.0,High
0,0,1.0,100.0,High
0,0,1.0,100.0,High
1,1,1.0,0.0,Low
0,0,1.0,100.0,High
0,0,1.0,100.0,High
0,0,1.0,100.0,High
1,1,0.945,5.5,Low
1,1,1.0,0.0,Low
0,0,0.715,71.5,High
1,1,1.0,0.0,Low
0,0,1.0,100.0,High
0,0,1.0,100.0,High
0,0,1.0,100.0,High
1,1,0.93,7.0,Low
0,0,0.97,97.0,High
0,0,1.0,100.0,High
0,0,1.0,100.0,High
1,1,1.0,0.0,Low
1,1,1.0,0.0,Low
1,1,1.0,0.0,Low
0,0,1.0,100.0,High
1,1,1.0,0.0,Low
1,1,1.0,0.0,Low
0,0,1.0,100.0,High
0,0,1.0,100.0,High
0,0,1.0,100.0,High
1,1,1.0,0.0,Low
1,1,1.0,0.0,Low
1,1,1.0,0.0,Low
0,0,1.0,100.0,High
0,0,1.0,100.0,High
1,1,1.0,0.0,Low
0,0,1.0,100.0,High
0,0,1.0,100.0,High
0,0,1.0,100.0,High
1,1,1.0,0.0,Low
0,0,1.0,100.0,High
0,0,1.0,100.0,High
0,0,1.0,100.0,High
1,1,1.0,0.0,Low
1,1,1.0,0.0,Low
0,0,1.0,100.0,High
0,0,0.965,96.5,High
1,1,1.0,0.0,Low
1,1,1.0,0.0,Low
0,0,0.99,99.0,High
0,0,1.0,100.0,High
1,1,1.0,0.0,Low
1,1,1.0,0.0,Low
0,0,1.0,100.0,High
0,0,1.0,100.0,High
0,0,1.0,100.0,High
1,1,0.85,15.0,Low
0,0,1.0,100.0,High
0,0,1.0,100.0,High
1,1,1.0,0.0,Low
0,0,1.0,100.0,High
1,1,1.0,0.0,Low
1,1,1.0,0.0,Low
1,1,1.0,0.0,Low
0,0,1.0,100.0,High
1,1,1.0,0.0,Low
1,1,1.0,0.0,Low
0,0,1.0,100.0,High
0,0,1.0,100.0,High
0,0,1.0,100.0,High
0,0,1.0,100.0,High
0,0,1.0,100.0,High
1,1,1.0,0.0,Low
1,1,0.96,4.0,Low
1,1,1.0,0.0,Low
1,1,0.92,8.0,Low
1,1,0.99,1.0,Low
0,0,1.0,100.0,High
1,1,1.0,0.0,Low
1,1,1.0,0.0,Low
0,0,0.995,99.5,High
0,0,1.0,100.0,High
0,0,1.0,100.0,High
0,0,1.0,100.0,High
1,1,1.0,0.0,Low
0,0,1.0,100.0,High
0,0,1.0,100.0,High
1,1,1.0,0.0,Low
1,1,1.0,0.0,Low
1,1,1.0,0.0,Low
1,1,1.0,0.0,Low
0,0,1.0,100.0,High
0,0,0.99,99.0,High
1,1,0.655,34.5,Medium
1,1,0.99,1.0,Low
1,1,1.0,0.0,Low
1,1,1.0,0.0,Low
1,1,1.0,0.0,Low
0,0,1.0,100.0,High
1,1,1.0,0.0,Low
0,0,1.0,100.0,High
1,1,1.0,0.0,Low
0,0,1.0,100.0,High
1,1,0.995,0.5,Low
0,0,0.995,99.5,High
0,0,1.0,100.0,High
1,1,1.0,0.0,Low
0,0,1.0,100.0,High
1,1,0.995,0.5,Low
1,1,1.0,0.0,Low
1,1,1.0,0.0,Low
1,1,1.0,0.0,Low
1,1,1.0,0.0,Low
1,1,0.93,7.0,Low
0,0,1.0,100.0,High
1,1,0.97,3.0,Low
1,1,0.995,0.5,Low
0,0,1.0,100.0,High
0,0,1.0,100.0,High
1,1,1.0,0.0,Low
1,1,0.915,8.5,Low
0,0,1.0,100.0,High
1,1,1.0,0.0,Low
0,0,1.0,100.0,High
1,1,0.945,5.5,Low
1,1,0.77,23.0,Low
1,1,1.0,0.0,Low
0,0,1.0,100.0,High
1,1,1.0,0.0,Low
0,0,1.0,100.0,High
1,1,1.0,0.0,Low
1,1,0.985,1.5,Low
0,0,1.0,100.0,High
1,1,1.0,0.0,Low
1,1,1.0,0.0,Low
1,1,0.965,3.5,Low
0,0,1.0,100.0,High
1,1,1.0,0.0,Low
1,1,1.0,0.0,Low
0,0,1.0,100.0,High
0,0,1.0,100.0,High
0,0,1.0,100.0,High
0,0,1.0,100.0,High
0,0,1.0,100.0,High
0,0,1.0,100.0,High
1,1,1.0,0.0,Low
1,1,0.995,0.5,Low
0,0,1.0,100.0,High
1,1,0.51,49.0,Medium
1,1,1.0,0.0,Low
1,1,1.0,0.0,Low
1,1,1.0,0.0,Low
1,1,1.0,0.0,Low
1,1,1.0,0.0,Low
1,1,1.0,0.0,Low
1,1,0.99,1.0,Low
1,1,1.0,0.0,Low
0,0,1.0,100.0,High
1,1,1.0,0.0,Low
0,0,1.0,100.0,High
1,1,0.97,3.0,Low
1,1,1.0,0.0,Low
1,1,1.0,0.0,Low
1,1,1.0,0.0,Low
0,0,1.0,100.0,High
0,0,1.0,100.0,High
0,0,1.0,100.0,High
1,1,1.0,0.0,Low
1,1,1.0,0.0,Low
0,0,1.0,100.0,High
0,0,1.0,100.0,High
0,0,1.0,100.0,High
0,0,1.0,100.0,High
1,1,1.0,0.0,Low
0,0,1.0,100.0,High
1,1,1.0,0.0,Low
1,1,1.0,0.0,Low
0,0,1.0,100.0,High
0,0,1.0,100.0,High
0,0,1.0,100.0,High
1,1,0.99,1.0,Low
0,0,1.0,100.0,High
1,1,1.0,0.0,Low
0,0,1.0,100.0,High
1,1,0.995,0.5,Low
0,0,1.0,100.0,High
1,1,1.0,0.0,Low
1,1,1.0,0.0,Low
1,1,1.0,0.0,Low
0,0,0.975,97.5,High
1,1,1.0,0.0,Low
1,1,1.0,0.0,Low
0,0,1.0,100.0,High
1,1,1.0,0.0,Low
1,1,0.985,1.5,Low
0,0,0.985,98.5,High
0,0,0.93,93.0,High
1,1,1.0,0.0,Low
0,0,1.0,100.0,High
0,0,1.0,100.0,High
1,1,0.995,0.5,Low
0,0,1.0,100.0,High
1,1,1.0,0.0,Low
0,0,1.0,100.0,High
0,0,1.0,100.0,High
1,1,1.0,0.0,Low
1,1,1.0,0.0,Low
0,0,1.0,100.0,High
0,0,1.0,100.0,High
1,1,1.0,0.0,Low
1,1,0.965,3.5,Low
1,1,0.995,0.5,Low
0,0,1.0,100.0,High
1,1,1.0,0.0,Low
1,1,1.0,0.0,Low
1,1,1.0,0.0,Low
1,1,0.975,2.5,Low
0,0,0.995,99.5,High
1,1,1.0,0.0,Low
1,1,1.0,0.0,Low
0,0,1.0,100.0,High
0,0,1.0,100.0,High
1,1,1.0,0.0,Low
1,1,0.995,0.5,Low
1,1,1.0,0.0,Low
1,1,1.0,0.0,Low
1,1,1.0,0.0,Low
0,0,1.0,100.0,High
1,1,1.0,0.0,Low
1,1,0.975,2.5,Low
1,1,1.0,0.0,Low
1,1,1.0,0.0,Low
1,1,1.0,0.0,Low
1,1,1.0,0.0,Low
0,0,1.0,100.0,High
0,0,1.0,100.0,High
0,0,1.0,100.0,High
1,1,1.0,0.0,Low
1,1,1.0,0.0,Low
1,1,1.0,0.0,Low
1,1,1.0,0.0,Low
0,0,1.0,100.0,High
1,1,1.0,0.0,Low
0,0,1.0,100.0,High
1,1,0.985,1.5,Low
0,0,0.975,97.5,High
1,1,0.93,7.0,Low
0,0,1.0,100.0,High
1,1,1.0,0.0,Low
1,1,0.995,0.5,Low
1,1,1.0,0.0,Low
1,1,0.995,0.5,Low
1,1,1.0,0.0,Low
0,0,1.0,100.0,High
1,1,1.0,0.0,Low
1,1,1.0,0.0,Low
1,1,1.0,0.0,Low
1,1,1.0,0.0,Low
1,1,1.0,0.0,Low
1,1,0.97,3.0,Low
0,0,1.0,100.0,High
1,1,0.99,1.0,Low
1,1,1.0,0.0,Low
0,0,1.0,100.0,High
0,0,1.0,100.0,High
1,1,1.0,0.0,Low
1,1,0.935,6.5,Low
1,1,1.0,0.0,Low
0,0,1.0,100.0,High
1,1,0.99,1.0,Low
0,0,1.0,100.0,High
1,1,1.0,0.0,Low
0,0,1.0,100.0,High
1,1,1.0,0.0,Low
1,1,1.0,0.0,Low
0,0,1.0,100.0,High
1,1,1.0,0.0,Low
0,0,0.96,96.0,High
1,1,1.0,0.0,Low
1,1,1.0,0.0,Low
1,1,1.0,0.0,Low
1,1,0.99,1.0,Low
1,1,1.0,0.0,Low
1,1,0.99,1.0,Low
1,1,1.0,0.0,Low
1,1,1.0,0.0,Low
1,1,1.0,0.0,Low
0,0,1.0,100.0,High
1,1,1.0,0.0,Low
0,0,0.98,98.0,High
1,1,1.0,0.0,Low
1,1,1.0,0.0,Low
1,1,1.0,0.0,Low
1,1,1.0,0.0,Low
0,0,1.0,100.0,High
1,1,1.0,0.0,Low
0,0,1.0,100.0,High
0,0,1.0,100.0,High
0,0,1.0,100.0,High
1,1,1.0,0.0,Low
1,1,1.0,0.0,Low
0,0,1.0,100.0,High
0,0,1.0,100.0,High
1,1,1.0,0.0,Low
0,0,1.0,100.0,High
1,1,0.99,1.0,Low
0,0,1.0,100.0,High
0,0,0.995,99.5,High
1,1,1.0,0.0,Low
1,1,1.0,0.0,Low
1,1,0.825,17.5,Low
0,0,1.0,100.0,High
0,0,1.0,100.0,High
1,1,1.0,0.0,Low
0,0,1.0,100.0,High
1,1,1.0,0.0,Low
1,1,1.0,0.0,Low
1,1,1.0,0.0,Low
0,0,1.0,100.0,High
0,0,1.0,100.0,High
0,0,1.0,100.0,High
0,0,1.0,100.0,High
1,1,1.0,0.0,Low
1,1,1.0,0.0,Low
1,1,0.99,1.0,Low
0,0,1.0,100.0,High
1,1,1.0,0.0,Low
1,0,0.675,67.5,Medium
1,1,1.0,0.0,Low
0,0,1.0,100.0,High
0,0,1.0,100.0,High
0,0,1.0,100.0,High
0,0,0.995,99.5,High
0,0,1.0,100.0,High
0,0,1.0,100.0,High
1,1,1.0,0.0,Low
1,1,1.0,0.0,Low
1,1,0.915,8.5,Low
1,1,1.0,0.0,Low
1,1,1.0,0.0,Low
0,0,1.0,100.0,High
0,0,0.995,99.5,High
0,0,0.99,99.0,High
0,0,0.985,98.5,High
0,0,0.995,99.5,High
1,1,1.0,0.0,Low
1,1,1.0,0.0,Low
0,0,1.0,100.0,High
0,0,1.0,100.0,High
0,0,1.0,100.0,High
0,0,0.995,99.5,High
0,0,1.0,100.0,High
1,1,1.0,0.0,Low
1,1,1.0,0.0,Low
0,0,1.0,100.0,High
1,1,0.985,1.5,Low
1,1,1.0,0.0,Low
0,0,0.81,81.0,High
0,0,1.0,100.0,High
1,1,1.0,0.0,Low
0,0,1.0,100.0,High
1,1,1.0,0.0,Low
1,1,0.995,0.5,Low
1,1,0.98,2.0,Low
0,0,1.0,100.0,High
0,0,1.0,100.0,High
1,1,1.0,0.0,Low
0,0,1.0,100.0,High
0,0,1.0,100.0,High
1,1,1.0,0.0,Low
1,1,1.0,0.0,Low
1,1,1.0,0.0,Low
1,1,1.0,0.0,Low
0,0,0.99,99.0,High
1,1,1.0,0.0,Low
1,1,1.0,0.0,Low
0,0,1.0,100.0,High
1,1,1.0,0.0,Low
0,0,1.0,100.0,High
0,0,1.0,100.0,High
0,0,1.0,100.0,High
0,0,1.0,100.0,High
0,0,1.0,100.0,High
1,1,1.0,0.0,Low
0,0,1.0,100.0,High
1,1,1.0,0.0,Low
1,1,1.0,0.0,Low
1,1,1.0,0.0,Low
0,0,1.0,100.0,High
1,1,1.0,0.0,Low
0,0,0.995,99.5,High
1,1,1.0,0.0,Low
0,0,1.0,100.0,High
1,1,1.0,0.0,Low
1,1,1.0,0.0,Low
0,0,1.0,100.0,High
0,0,1.0,100.0,High
0,0,1.0,100.0,High
0,0,1.0,100.0,High
1,1,1.0,0.0,Low
0,0,1.0,100.0,High
0,0,1.0,100.0,High
0,0,1.0,100.0,High
1,1,1.0,0.0,Low
0,0,1.0,100.0,High
1,1,1.0,0.0,Low
0,0,1.0,100.0,High
1,1,1.0,0.0,Low
1,1,0.995,0.5,Low
0,0,1.0,100.0,High
1,1,1.0,0.0,Low
1,1,1.0,0.0,Low
0,0,1.0,100.0,High
0,0,1.0,100.0,High
1,1,1.0,0.0,Low
1,1,1.0,0.0,Low
1,1,1.0,0.0,Low
1,1,1.0,0.0,Low
1,1,1.0,0.0,Low
1,1,1.0,0.0,Low
0,0,0.775,77.5,High
0,0,1.0,100.0,High
0,0,0.99,99.0,High
0,0,1.0,100.0,High
1,1,1.0,0.0,Low
0,0,1.0,100.0,High
1,1,1.0,0.0,Low
0,0,1.0,100.0,High
1,1,0.995,0.5,Low
0,0,1.0,100.0,High
0,0,1.0,100.0,High
1,1,1.0,0.0,Low
1,1,1.0,0.0,Low
1,1,1.0,0.0,Low
0,0,1.0,100.0,High
0,0,1.0,100.0,High
1,1,1.0,0.0,Low
1,1,1.0,0.0,Low
1,1,1.0,0.0,Low
0,0,1.0,100.0,High
0,0,1.0,100.0,High
1,1,1.0,0.0,Low
1,1,1.0,0.0,Low
0,0,1.0,100.0,High
1,1,1.0,0.0,Low
0,0,1.0,100.0,High
1,1,1.0,0.0,Low
0,0,1.0,100.0,High
0,0,1.0,100.0,High
0,0,0.995,99.5,High
1,1,1.0,0.0,Low
1,1,1.0,0.0,Low
1,1,1.0,0.0,Low
0,0,1.0,100.0,High
0,0,1.0,100.0,High
0,0,1.0,100.0,High
0,0,1.0,100.0,High
1,1,0.98,2.0,Low
0,0,1.0,100.0,High
0,0,1.0,100.0,High
0,0,1.0,100.0,High
1,1,1.0,0.0,Low
0,0,0.995,99.5,High
0,0,1.0,100.0,High
0,0,1.0,100.0,High
1,1,1.0,0.0,Low
0,0,1.0,100.0,High
1,1,1.0,0.0,Low
0,0,1.0,100.0,High
0,0,1.0,100.0,High
1,1,1.0,0.0,Low
0,0,1.0,100.0,High
1,1,0.89,11.0,Low
0,0,1.0,100.0,High
0,0,0.955,95.5,High
0,0,0.985,98.5,High
0,0,1.0,100.0,High
1,1,1.0,0.0,Low
0,0,1.0,100.0,High
1,1,1.0,0.0,Low
1,1,0.945,5.5,Low
1,1,1.0,0.0,Low
0,0,1.0,100.0,High
0,0,1.0,100.0,High
0,0,0.99,99.0,High
0,0,0.955,95.5,High
0,0,1.0,100.0,High
0,0,1.0,100.0,High
1,1,1.0,0.0,Low
1,1,1.0,0.0,Low
0,0,1.0,100.0,High
0,0,0.985,98.5,High
1,1,1.0,0.0,Low
1,1,1.0,0.0,Low
1,1,1.0,0.0,Low
1,1,1.0,0.0,Low
1,1,1.0,0.0,Low
1,1,1.0,0.0,Low
0,0,0.99,99.0,High
0,0,1.0,100.0,High
1,1,1.0,0.0,Low
1,1,1.0,0.0,Low
1,1,1.0,0.0,Low
0,0,1.0,100.0,High
1,1,0.99,1.0,Low
0,0,1.0,100.0,High
1,1,1.0,0.0,Low
1,1,0.985,1.5,Low
0,0,1.0,100.0,High
0,0,1.0,100.0,High
0,0,1.0,100.0,High
1,1,1.0,0.0,Low
0,0,1.0,100.0,High
1,1,1.0,0.0,Low
1,1,1.0,0.0,Low
0,0,0.96,96.0,High
1,1,1.0,0.0,Low
0,0,1.0,100.0,High
0,0,1.0,100.0,High
0,0,1.0,100.0,High
1,1,1.0,0.0,Low
0,0,1.0,100.0,High
0,0,1.0,100.0,High
1,1,1.0,0.0,Low
0,0,1.0,100.0,High
0,0,1.0,100.0,High
1,1,1.0,0.0,Low
1,1,0.985,1.5,Low
1,1,0.95,5.0,Low
0,0,1.0,100.0,High
0,0,1.0,100.0,High
1,1,1.0,0.0,Low
0,0,1.0,100.0,High
1,1,1.0,0.0,Low
1,1,1.0,0.0,Low
0,0,1.0,100.0,High
0,0,1.0,100.0,High
0,0,1.0,100.0,High
1,1,1.0,0.0,Low
1,1,1.0,0.0,Low
1,1,1.0,0.0,Low
1,1,1.0,0.0,Low
0,0,1.0,100.0,High
1,1,1.0,0.0,Low
1,1,1.0,0.0,Low
1,1,1.0,0.0,Low
1,1,1.0,0.0,Low
0,0,0.995,99.5,High
1,1,1.0,0.0,Low
1,1,0.955,4.5,Low
0,0,1.0,100.0,High
0,0,1.0,100.0,High
0,0,1.0,100.0,High
1,1,1.0,0.0,Low
0,0,1.0,100.0,High
1,1,1.0,0.0,Low
1,1,1.0,0.0,Low
0,0,1.0,100.0,High
0,0,1.0,100.0,High
1,1,0.945,5.5,Low
0,0,1.0,100.0,High
0,0,1.0,100.0,High
0,0,0.995,99.5,High
0,0,1.0,100.0,High
0,0,1.0,100.0,High
0,0,1.0,100.0,High
1,1,1.0,0.0,Low
0,0,1.0,100.0,High
1,1,1.0,0.0,Low
1,1,0.995,0.5,Low
0,0,0.83,83.0,High
1,1,1.0,0.0,Low
0,0,1.0,100.0,High
1,1,1.0,0.0,Low
1,1,1.0,0.0,Low
0,0,1.0,100.0,High
1,1,1.0,0.0,Low
0,0,1.0,100.0,High
0,0,1.0,100.0,High
0,0,1.0,100.0,High
1,1,1.0,0.0,Low
1,1,1.0,0.0,Low
0,0,0.995,99.5,High
1,1,1.0,0.0,Low
0,0,1.0,100.0,High
1,1,1.0,0.0,Low
0,0,1.0,100.0,High
1,1,1.0,0.0,Low
0,0,1.0,100.0,High
0,0,1.0,100.0,High
1,1,1.0,0.0,Low
1,1,1.0,0.0,Low
0,0,1.0,100.0,High
0,0,1.0,100.0,High
1,1,1.0,0.0,Low
0,0,1.0,100.0,High
1,1,1.0,0.0,Low
1,1,1.0,0.0,Low
0,0,1.0,100.0,High
1,1,1.0,0.0,Low
0,0,1.0,100.0,High
1,1,1.0,0.0,Low
0,0,1.0,100.0,High
1,1,1.0,0.0,Low
1,1,1.0,0.0,Low
0,0,1.0,100.0,High
1,1,1.0,0.0,Low
1,1,1.0,0.0,Low
1,1,0.975,2.5,Low
0,0,1.0,100.0,High
0,0,1.0,100.0,High
1,1,1.0,0.0,Low
0,0,0.95,95.0,High
1,1,1.0,0.0,Low
1,1,1.0,0.0,Low
1,1,0.995,0.5,Low
1,1,1.0,0.0,Low
1,1,1.0,0.0,Low
0,0,1.0,100.0,High
1,1,1.0,0.0,Low
1,1,1.0,0.0,Low
0,0,1.0,100.0,High
0,0,1.0,100.0,High
0,0,1.0,100.0,High
1,1,1.0,0.0,Low
0,0,0.995,99.5,High
1,1,1.0,0.0,Low
0,0,0.66,66.0,Medium
1,1,1.0,0.0,Low
1,1,1.0,0.0,Low
1,1,0.98,2.0,Low
1,1,1.0,0.0,Low
1,1,1.0,0.0,Low
0,0,1.0,100.0,High
0,0,1.0,100.0,High
1,1,1.0,0.0,Low
1,1,1.0,0.0,Low
1,1,0.99,1.0,Low
0,0,1.0,100.0,High
0,0,1.0,100.0,High
1,1,1.0,0.0,Low
1,1,1.0,0.0,Low
1,1,1.0,0.0,Low
1,1,1.0,0.0,Low
1,1,1.0,0.0,Low
1,1,1.0,0.0,Low
0,0,1.0,100.0,High
0,0,1.0,100.0,High
1,1,0.975,2.5,Low
1,1,1.0,0.0,Low
1,1,1.0,0.0,Low
1,1,1.0,0.0,Low
1,1,1.0,0.0,Low
0,0,0.98,98.0,High
0,0,1.0,100.0,High
1,1,1.0,0.0,Low
0,0,1.0,100.0,High
1,1,1.0,0.0,Low
0,0,0.995,99.5,High
0,0,1.0,100.0,High
0,0,1.0,100.0,High
0,0,1.0,100.0,High
1,1,1.0,0.0,Low
0,0,1.0,100.0,High
0,0,1.0,100.0,High
1,1,1.0,0.0,Low
0,0,1.0,100.0,High
1,1,1.0,0.0,Low
0,0,1.0,100.0,High
1,1,1.0,0.0,Low
1,1,0.99,1.0,Low
1,1,1.0,0.0,Low
0,0,1.0,100.0,High
0,0,1.0,100.0,High
0,0,1.0,100.0,High
0,0,1.0,100.0,High
1,1,1.0,0.0,Low
1,1,1.0,0.0,Low
1,1,1.0,0.0,Low
1,1,1.0,0.0,Low
1,1,1.0,0.0,Low
0,0,1.0,100.0,High
1,1,1.0,0.0,Low
0,0,1.0,100.0,High
0,0,1.0,100.0,High
0,0,1.0,100.0,High
1,1,1.0,0.0,Low
0,0,1.0,100.0,High
0,0,1.0,100.0,High
1,1,1.0,0.0,Low
1,1,1.0,0.0,Low
0,0,0.995,99.5,High
0,0,0.995,99.5,High
1,1,1.0,0.0,Low
0,0,1.0,100.0,High
1,1,1.0,0.0,Low
1,1,0.96,4.0,Low
1,1,1.0,0.0,Low
1,1,0.99,1.0,Low
1,1,0.995,0.5,Low
0,0,1.0,100.0,High
0,0,1.0,100.0,High
0,0,1.0,100.0,High
1,1,1.0,0.0,Low
1,1,1.0,0.0,Low
1,1,1.0,0.0,Low
1,1,0.995,0.5,Low
1,1,1.0,0.0,Low
0,0,1.0,100.0,High
0,0,1.0,100.0,High
1,1,1.0,0.0,Low
0,0,1.0,100.0,High
1,1,0.985,1.5,Low
0,0,1.0,100.0,High
0,0,1.0,100.0,High
1,1,1.0,0.0,Low
0,0,1.0,100.0,High
0,0,1.0,100.0,High
1,1,1.0,0.0,Low
1,1,1.0,0.0,Low
0,0,1.0,100.0,High
0,0,1.0,100.0,High
1,1,1.0,0.0,Low
0,0,1.0,100.0,High
1,1,0.925,7.5,Low
1,1,1.0,0.0,Low
1,1,0.99,1.0,Low
0,0,1.0,100.0,High
1,1,1.0,0.0,Low
1,1,1.0,0.0,Low
0,0,0.995,99.5,High
0,0,1.0,100.0,High
1,1,1.0,0.0,Low
0,0,1.0,100.0,High
1,1,1.0,0.0,Low
0,0,0.995,99.5,High
0,0,1.0,100.0,High
1,1,0.99,1.0,Low
0,0,1.0,100.0,High
0,0,1.0,100.0,High
1,1,1.0,0.0,Low
0,0,1.0,100.0,High
1,1,1.0,0.0,Low
1,1,1.0,0.0,Low
1,1,1.0,0.0,Low
0,0,1.0,100.0,High
1,1,1.0,0.0,Low
0,0,1.0,100.0,High
0,0,1.0,100.0,High
0,0,1.0,100.0,High
1,1,1.0,0.0,Low
1,1,1.0,0.0,Low
1,1,1.0,0.0,Low
0,0,1.0,100.0,High
0,0,1.0,100.0,High
0,0,1.0,100.0,High
1,1,1.0,0.0,Low
1,1,1.0,0.0,Low
0,0,1.0,100.0,High
1,1,1.0,0.0,Low
0,0,1.0,100.0,High
1,1,1.0,0.0,Low
0,0,1.0,100.0,High
0,0,1.0,100.0,High
1,1,1.0,0.0,Low
1,1,1.0,0.0,Low
1,1,1.0,0.0,Low
1,1,1.0,0.0,Low
1,1,1.0,0.0,Low
0,0,1.0,100.0,High
0,0,0.995,99.5,High
0,0,1.0,100.0,High
0,0,1.0,100.0,High
0,0,1.0,100.0,High
0,0,1.0,100.0,High
1,1,0.905,9.5,Low
0,0,1.0,100.0,High
0,0,0.78,78.0,High
1,1,0.895,10.5,Low
1,1,0.965,3.5,Low
0,0,1.0,100.0,High
0,0,0.995,99.5,High
0,0,1.0,100.0,High
0,0,1.0,100.0,High
0,0,1.0,100.0,High
0,0,1.0,100.0,High
0,0,1.0,100.0,High
1,1,1.0,0.0,Low
0,0,1.0,100.0,High
0,0,1.0,100.0,High
1,1,1.0,0.0,Low
1,1,1.0,0.0,Low
1,1,1.0,0.0,Low
1,1,1.0,0.0,Low
0,0,1.0,100.0,High
1,1,1.0,0.0,Low
1,1,1.0,0.0,Low
0,0,1.0,100.0,High
1,1,1.0,0.0,Low
1,1,1.0,0.0,Low
0,0,1.0,100.0,High
1,1,1.0,0.0,Low
1,1,1.0,0.0,Low
0,0,1.0,100.0,High
0,0,1.0,100.0,High
1,1,1.0,0.0,Low
1,1,0.995,0.5,Low
1,1,1.0,0.0,Low
1,1,1.0,0.0,Low
1,1,1.0,0.0,Low
0,0,1.0,100.0,High
1,1,1.0,0.0,Low
1,1,1.0,0.0,Low
1,1,1.0,0.0,Low
1,1,0.99,1.0,Low
0,0,1.0,100.0,High
1,1,1.0,0.0,Low
0,0,1.0,100.0,High
1,1,0.995,0.5,Low
0,0,0.84,84.0,High
1,1,1.0,0.0,Low
1,1,1.0,0.0,Low
1,1,1.0,0.0,Low
0,0,1.0,100.0,High
0,0,1.0,100.0,High
1,1,1.0,0.0,Low
1,1,1.0,0.0,Low
0,0,1.0,100.0,High
0,0,1.0,100.0,High
0,0,1.0,100.0,High
0,0,1.0,100.0,High
0,0,0.92,92.0,High
1,1,1.0,0.0,Low
1,1,1.0,0.0,Low
1,1,0.985,1.5,Low
0,0,1.0,100.0,High
1,1,1.0,0.0,Low
1,1,1.0,0.0,Low
1,1,1.0,0.0,Low
1,1,1.0,0.0,Low
1,1,0.985,1.5,Low
0,0,1.0,100.0,High
0,0,0.995,99.5,High
1,1,1.0,0.0,Low
1,1,1.0,0.0,Low
1,1,1.0,0.0,Low
1,1,1.0,0.0,Low
1,1,1.0,0.0,Low
0,0,1.0,100.0,High
1,1,1.0,0.0,Low
1,1,1.0,0.0,Low
0,0,0.92,92.0,High
0,0,1.0,100.0,High
0,0,1.0,100.0,High
0,0,1.0,100.0,High
1,1,1.0,0.0,Low
1,1,0.93,7.0,Low
1,1,1.0,0.0,Low
0,0,1.0,100.0,High
0,0,1.0,100.0,High
1,1,1.0,0.0,Low
1,1,1.0,0.0,Low
1,1,0.995,0.5,Low
0,0,1.0,100.0,High
0,0,1.0,100.0,High
1,1,1.0,0.0,Low
1,1,1.0,0.0,Low
0,0,1.0,100.0,High
1,1,1.0,0.0,Low
1,1,1.0,0.0,Low
1,1,1.0,0.0,Low
0,0,1.0,100.0,High
0,0,1.0,100.0,High
1,1,1.0,0.0,Low
0,0,1.0,100.0,High
0,0,1.0,100.0,High
1,1,1.0,0.0,Low
0,0,0.955,95.5,High
1,1,1.0,0.0,Low
1,1,1.0,0.0,Low
0,0,1.0,100.0,High
0,0,1.0,100.0,High
1,1,1.0,0.0,Low
0,0,1.0,100.0,High
0,0,1.0,100.0,High
0,0,1.0,100.0,High
0,0,1.0,100.0,High
1,1,1.0,0.0,Low
1,1,1.0,0.0,Low
0,0,1.0,100.0,High
1,1,1.0,0.0,Low
0,0,1.0,100.0,High
0,0,1.0,100.0,High
1,1,0.825,17.5,Low
1,1,1.0,0.0,Low
0,0,1.0,100.0,High
1,1,0.985,1.5,Low
0,0,1.0,100.0,High
0,0,1.0,100.0,High
0,0,1.0,100.0,High
0,0,1.0,100.0,High
0,0,1.0,100.0,High
1,1,1.0,0.0,Low
1,1,1.0,0.0,Low
1,1,1.0,0.0,Low
0,0,1.0,100.0,High
1,1,1.0,0.0,Low
0,0,0.995,99.5,High
0,0,1.0,100.0,High
1,1,1.0,0.0,Low
0,0,1.0,100.0,High
0,0,1.0,100.0,High
1,1,1.0,0.0,Low
1,1,1.0,0.0,Low
1,1,1.0,0.0,Low
0,0,1.0,100.0,High
0,0,1.0,100.0,High
1,1,1.0,0.0,Low
0,0,1.0,100.0,High
1,1,0.995,0.5,Low
0,0,0.995,99.5,High
1,1,1.0,0.0,Low
1,1,1.0,0.0,Low
1,1,1.0,0.0,Low
1,1,1.0,0.0,Low
1,1,1.0,0.0,Low
1,1,1.0,0.0,Low
0,0,1.0,100.0,High
1,1,1.0,0.0,Low
0,0,1.0,100.0,High
0,0,1.0,100.0,High
1,1,1.0,0.0,Low
1,1,1.0,0.0,Low
0,0,1.0,100.0,High
1,1,1.0,0.0,Low
1,1,0.985,1.5,Low
0,0,1.0,100.0,High
1,1,1.0,0.0,Low
1,1,1.0,0.0,Low
1,1,1.0,0.0,Low
1,1,0.975,2.5,Low
0,0,1.0,100.0,High
0,0,1.0,100.0,High
1,1,1.0,0.0,Low
0,0,1.0,100.0,High
1,1,1.0,0.0,Low
0,0,1.0,100.0,High
0,0,1.0,100.0,High
1,1,0.985,1.5,Low
0,0,1.0,100.0,High
0,0,1.0,100.0,High
0,0,1.0,100.0,High
1,1,1.0,0.0,Low
1,1,0.98,2.0,Low
0,0,1.0,100.0,High
0,0,1.0,100.0,High
0,0,1.0,100.0,High
0,0,1.0,100.0,High
1,1,0.995,0.5,Low
1,1,1.0,0.0,Low
1,1,1.0,0.0,Low
1,1,1.0,0.0,Low
1,1,1.0,0.0,Low
1,1,1.0,0.0,Low
1,1,1.0,0.0,Low
1,1,1.0,0.0,Low
1,1,1.0,0.0,Low
0,0,1.0,100.0,High
1,1,1.0,0.0,Low
0,0,1.0,100.0,High
1,1,1.0,0.0,Low
0,0,1.0,100.0,High
1,1,1.0,0.0,Low
1,1,1.0,0.0,Low
1,1,1.0,0.0,Low
0,0,0.985,98.5,High
0,0,1.0,100.0,High
0,0,1.0,100.0,High
1,1,1.0,0.0,Low
1,1,0.99,1.0,Low
1,1,1.0,0.0,Low
0,0,1.0,100.0,High
1,1,0.98,2.0,Low
1,1,1.0,0.0,Low
0,0,1.0,100.0,High
1,1,1.0,0.0,Low
0,0,1.0,100.0,High
1,1,1.0,0.0,Low
0,0,1.0,100.0,High
0,0,1.0,100.0,High
0,0,1.0,100.0,High
0,0,1.0,100.0,High
1,1,1.0,0.0,Low
1,1,1.0,0.0,Low
1,1,1.0,0.0,Low
0,1,0.645,35.5,Medium
0,0,1.0,100.0,High
1,1,1.0,0.0,Low
1,1,1.0,0.0,Low
0,0,1.0,100.0,High
0,0,1.0,100.0,High
1,1,0.985,1.5,Low
0,0,1.0,100.0,High
0,0,1.0,100.0,High
0,0,1.0,100.0,High
1,1,0.985,1.5,Low
1,1,1.0,0.0,Low
1,1,1.0,0.0,Low
0,0,1.0,100.0,High
0,0,1.0,100.0,High
0,0,1.0,100.0,High
0,0,1.0,100.0,High
1,1,1.0,0.0,Low
0,0,1.0,100.0,High
1,1,1.0,0.0,Low
0,0,1.0,100.0,High
1,1,1.0,0.0,Low
0,0,1.0,100.0,High
0,0,1.0,100.0,High
1,1,0.995,0.5,Low
0,0,1.0,100.0,High
1,1,1.0,0.0,Low
1,1,0.975,2.5,Low
0,0,0.995,99.5,High
1,1,1.0,0.0,Low
1,1,0.995,0.5,Low
1,1,1.0,0.0,Low
1,1,1.0,0.0,Low
1,1,1.0,0.0,Low
1,1,1.0,0.0,Low
0,0,1.0,100.0,High
1,1,1.0,0.0,Low
1,1,1.0,0.0,Low
0,0,1.0,100.0,High
1,1,1.0,0.0,Low
1,1,1.0,0.0,Low
1,1,0.985,1.5,Low
0,0,1.0,100.0,High
1,1,1.0,0.0,Low
0,0,1.0,100.0,High
1,1,1.0,0.0,Low
1,1,1.0,0.0,Low
0,0,1.0,100.0,High
0,0,1.0,100.0,High
1,1,1.0,0.0,Low
0,0,1.0,100.0,High
1,1,1.0,0.0,Low
0,0,1.0,100.0,High
1,1,1.0,0.0,Low
0,0,1.0,100.0,High
0,0,1.0,100.0,High
0,0,1.0,100.0,High
1,1,1.0,0.0,Low
0,0,0.995,99.5,High
0,0,1.0,100.0,High
0,0,1.0,100.0,High
0,0,1.0,100.0,High
0,0,1.0,100.0,High
1,1,1.0,0.0,Low
1,1,0.965,3.5,Low
0,0,1.0,100.0,High
0,0,0.995,99.5,High
0,0,0.995,99.5,High
1,1,0.995,0.5,Low
0,0,1.0,100.0,High
0,0,1.0,100.0,High
0,0,1.0,100.0,High
0,0,0.99,99.0,High
1,1,1.0,0.0,Low
0,0,1.0,100.0,High
0,0,1.0,100.0,High
1,1,1.0,0.0,Low
1,1,1.0,0.0,Low
1,1,1.0,0.0,Low
1,1,1.0,0.0,Low
1,1,0.965,3.5,Low
1,1,0.995,0.5,Low
1,1,1.0,0.0,Low
0,0,1.0,100.0,High
1,1,0.935,6.5,Low
0,0,1.0,100.0,High
1,1,0.985,1.5,Low
0,0,1.0,100.0,High
1,1,1.0,0.0,Low
0,0,1.0,100.0,High
1,1,0.94,6.0,Low
1,1,1.0,0.0,Low
0,0,0.995,99.5,High
1,1,1.0,0.0,Low
0,0,1.0,100.0,High
0,0,1.0,100.0,High
1,1,1.0,0.0,Low
0,0,1.0,100.0,High
1,1,1.0,0.0,Low
0,0,1.0,100.0,High
0,0,1.0,100.0,High
0,0,1.0,100.0,High
1,1,0.76,24.0,Low
1,1,1.0,0.0,Low
0,0,1.0,100.0,High
0,0,1.0,100.0,High
0,0,1.0,100.0,High
1,1,0.995,0.5,Low
0,0,0.99,99.0,High
0,0,1.0,100.0,High
0,0,1.0,100.0,High
0,0,1.0,100.0,High
0,0,1.0,100.0,High
0,0,0.99,99.0,High
0,0,1.0,100.0,High
1,1,1.0,0.0,Low
1,1,0.955,4.5,Low
0,0,0.985,98.5,High
0,0,1.0,100.0,High
0,0,1.0,100.0,High
0,0,1.0,100.0,High
0,0,1.0,100.0,High
0,0,1.0,100.0,High
0,0,1.0,100.0,High
1,1,1.0,0.0,Low
1,1,1.0,0.0,Low
1,1,1.0,0.0,Low
0,0,1.0,100.0,High
1,1,1.0,0.0,Low
0,0,1.0,100.0,High
0,0,1.0,100.0,High
0,0,1.0,100.0,High
1,1,1.0,0.0,Low
1,1,1.0,0.0,Low
1,1,1.0,0.0,Low
1,1,1.0,0.0,Low
1,1,1.0,0.0,Low
0,0,1.0,100.0,High
0,0,1.0,100.0,High
1,1,1.0,0.0,Low
1,1,1.0,0.0,Low
1,1,1.0,0.0,Low
1,1,1.0,0.0,Low
0,0,1.0,100.0,High
1,1,1.0,0.0,Low
0,0,1.0,100.0,High
1,1,1.0,0.0,Low
1,1,0.995,0.5,Low
1,1,1.0,0.0,Low
1,1,1.0,0.0,Low
0,0,0.975,97.5,High
1,1,0.995,0.5,Low
1,1,1.0,0.0,Low
1,1,1.0,0.0,Low
0,0,1.0,100.0,High
1,1,1.0,0.0,Low
1,1,1.0,0.0,Low
0,0,1.0,100.0,High
1,1,1.0,0.0,Low
0,0,1.0,100.0,High
1,1,1.0,0.0,Low
0,0,1.0,100.0,High
0,0,1.0,100.0,High
0,0,0.52,52.0,Medium
0,0,0.98,98.0,High
0,0,1.0,100.0,High
1,1,1.0,0.0,Low
0,0,1.0,100.0,High
1,1,0.995,0.5,Low
1,1,1.0,0.0,Low
1,1,1.0,0.0,Low
1,1,1.0,0.0,Low
1,1,1.0,0.0,Low
1,1,0.99,1.0,Low
0,0,1.0,100.0,High
0,0,1.0,100.0,High
0,0,0.995,99.5,High
0,0,1.0,100.0,High
0,0,1.0,100.0,High
1,1,0.99,1.0,Low
0,0,1.0,100.0,High
0,0,1.0,100.0,High
1,1,0.975,2.5,Low
0,0,1.0,100.0,High
1,1,1.0,0.0,Low
1,1,1.0,0.0,Low
0,0,1.0,100.0,High
0,0,1.0,100.0,High
1,1,1.0,0.0,Low
1,1,1.0,0.0,Low
1,1,1.0,0.0,Low
0,0,1.0,100.0,High
1,1,1.0,0.0,Low
0,0,1.0,100.0,High
0,0,1.0,100.0,High
1,1,1.0,0.0,Low
1,1,1.0,0.0,Low
1,1,1.0,0.0,Low
0,0,0.995,99.5,High
0,1,0.955,4.5,Low
0,0,1.0,100.0,High
0,0,1.0,100.0,High
0,0,1.0,100.0,High
1,1,1.0,0.0,Low
1,1,1.0,0.0,Low
0,0,1.0,100.0,High
0,0,1.0,100.0,High
0,0,1.0,100.0,High
0,0,1.0,100.0,High
0,0,1.0,100.0,High
1,1,1.0,0.0,Low
1,1,1.0,0.0,Low
1,1,1.0,0.0,Low
0,0,1.0,100.0,High
0,0,1.0,100.0,High
0,0,1.0,100.0,High
0,0,1.0,100.0,High
0,0,0.995,99.5,High
0,0,1.0,100.0,High
1,1,0.97,3.0,Low
1,1,1.0,0.0,Low
0,0,1.0,100.0,High
0,0,1.0,100.0,High
0,0,1.0,100.0,High
1,1,1.0,0.0,Low
1,1,1.0,0.0,Low
0,0,1.0,100.0,High
1,1,1.0,0.0,Low
0,0,1.0,100.0,High
0,0,1.0,100.0,High
1,1,1.0,0.0,Low
0,0,1.0,100.0,High
1,1,1.0,0.0,Low
1,1,1.0,0.0,Low
0,0,0.955,95.5,High
0,0,0.985,98.5,High
1,1,0.985,1.5,Low
1,1,1.0,0.0,Low
0,0,1.0,100.0,High
0,0,1.0,100.0,High
0,0,1.0,100.0,High
1,1,1.0,0.0,Low
1,1,1.0,0.0,Low
0,0,1.0,100.0,High
1,1,0.97,3.0,Low
1,1,1.0,0.0,Low
1,1,1.0,0.0,Low
0,0,1.0,100.0,High
0,0,1.0,100.0,High
0,0,1.0,100.0,High
1,1,1.0,0.0,Low
0,0,1.0,100.0,High
0,0,1.0,100.0,High
0,0,1.0,100.0,High
1,1,1.0,0.0,Low
0,0,1.0,100.0,High
0,0,1.0,100.0,High
1,1,1.0,0.0,Low
1,1,1.0,0.0,Low
0,0,1.0,100.0,High
0,0,1.0,100.0,High
0,0,1.0,100.0,High
0,0,0.995,99.5,High
0,0,1.0,100.0,High
0,0,1.0,100.0,High
1,1,1.0,0.0,Low
1,1,1.0,0.0,Low
1,1,1.0,0.0,Low
1,1,1.0,0.0,Low
1,1,1.0,0.0,Low
1,1,1.0,0.0,Low
1,1,0.965,3.5,Low
1,1,1.0,0.0,Low
0,0,1.0,100.0,High
0,0,1.0,100.0,High
0,0,1.0,100.0,High
0,0,1.0,100.0,High
0,0,1.0,100.0,High
1,1,0.995,0.5,Low
1,1,1.0,0.0,Low
0,0,1.0,100.0,High
1,1,1.0,0.0,Low
0,0,1.0,100.0,High
0,0,1.0,100.0,High
0,0,1.0,100.0,High
0,0,1.0,100.0,High
1,1,1.0,0.0,Low
1,1,1.0,0.0,Low
0,0,1.0,100.0,High
0,0,1.0,100.0,High
0,0,1.0,100.0,High
1,1,1.0,0.0,Low
1,1,1.0,0.0,Low
0,0,1.0,100.0,High
1,1,1.0,0.0,Low
1,1,1.0,0.0,Low
0,0,1.0,100.0,High
0,0,1.0,100.0,High
1,1,1.0,0.0,Low
1,1,1.0,0.0,Low
0,0,1.0,100.0,High
1,1,1.0,0.0,Low
1,1,1.0,0.0,Low
1,1,1.0,0.0,Low
1,1,1.0,0.0,Low
0,0,1.0,100.0,High
1,1,1.0,0.0,Low
0,0,1.0,100.0,High
0,0,1.0,100.0,High
1,1,1.0,0.0,Low
0,0,0.565,56.5,Medium
1,1,1.0,0.0,Low
1,1,1.0,0.0,Low
0,0,1.0,100.0,High
0,0,1.0,100.0,High
1,1,1.0,0.0,Low
1,1,0.99,1.0,Low
1,1,1.0,0.0,Low
1,1,1.0,0.0,Low
0,0,1.0,100.0,High
1,1,1.0,0.0,Low
1,1,0.995,0.5,Low
0,0,1.0,100.0,High
1,1,0.99,1.0,Low
1,1,0.995,0.5,Low
1,1,1.0,0.0,Low
1,1,1.0,0.0,Low
1,1,1.0,0.0,Low
1,1,1.0,0.0,Low
1,1,1.0,0.0,Low
1,1,1.0,0.0,Low
1,1,1.0,0.0,Low
1,1,0.89,11.0,Low
0,0,1.0,100.0,High
0,0,0.945,94.5,High
1,1,1.0,0.0,Low
0,0,1.0,100.0,High
1,1,1.0,0.0,Low
0,0,1.0,100.0,High
1,1,1.0,0.0,Low
1,1,1.0,0.0,Low
1,1,1.0,0.0,Low
1,1,0.93,7.0,Low
1,1,1.0,0.0,Low
0,0,1.0,100.0,High
0,0,1.0,100.0,High
1,1,1.0,0.0,Low
0,0,1.0,100.0,High
1,1,1.0,0.0,Low
0,0,0.98,98.0,High
1,1,0.965,3.5,Low
1,1,1.0,0.0,Low
0,0,1.0,100.0,High
1,1,1.0,0.0,Low
0,0,1.0,100.0,High
1,1,0.995,0.5,Low
0,0,1.0,100.0,High
1,1,1.0,0.0,Low
1,1,1.0,0.0,Low
1,1,1.0,0.0,Low
1,1,1.0,0.0,Low
0,0,1.0,100.0,High
1,1,0.68,32.0,Medium
0,0,1.0,100.0,High
0,0,1.0,100.0,High
0,0,1.0,100.0,High
1,1,1.0,0.0,Low
1,1,1.0,0.0,Low
1,1,0.99,1.0,Low
0,0,1.0,100.0,High
0,0,1.0,100.0,High
1,1,0.96,4.0,Low
1,1,1.0,0.0,Low
0,0,1.0,100.0,High
0,0,1.0,100.0,High
0,0,1.0,100.0,High
0,0,1.0,100.0,High
1,1,1.0,0.0,Low
1,1,0.965,3.5,Low
1,1,1.0,0.0,Low
0,0,1.0,100.0,High
0,0,0.995,99.5,High
1,1,0.965,3.5,Low
1,1,1.0,0.0,Low
1,1,1.0,0.0,Low
1,1,1.0,0.0,Low
1,1,1.0,0.0,Low
1,1,1.0,0.0,Low
1,1,1.0,0.0,Low
1,1,1.0,0.0,Low
1,1,1.0,0.0,Low
0,0,1.0,100.0,High
0,0,1.0,100.0,High
0,0,0.99,99.0,High
0,0,1.0,100.0,High
1,1,1.0,0.0,Low
0,0,1.0,100.0,High
1,1,1.0,0.0,Low
1,1,1.0,0.0,Low
0,0,1.0,100.0,High
0,0,1.0,100.0,High
0,0,1.0,100.0,High
1,1,1.0,0.0,Low
0,0,1.0,100.0,High
0,0,1.0,100.0,High
0,0,1.0,100.0,High
0,0,0.965,96.5,High
0,0,1.0,100.0,High
0,0,1.0,100.0,High
0,0,0.815,81.5,High
1,1,0.995,0.5,Low
0,0,1.0,100.0,High
0,0,1.0,100.0,High
1,1,1.0,0.0,Low
0,0,1.0,100.0,High
0,0,1.0,100.0,High
1,1,1.0,0.0,Low
1,1,1.0,0.0,Low
1,1,0.995,0.5,Low
0,0,1.0,100.0,High
0,0,1.0,100.0,High
1,1,0.99,1.0,Low
1,1,1.0,0.0,Low
1,1,1.0,0.0,Low
1,1,1.0,0.0,Low
1,1,1.0,0.0,Low
1,1,1.0,0.0,Low
0,0,0.99,99.0,High
0,0,1.0,100.0,High
0,0,1.0,100.0,High
0,0,0.975,97.5,High
1,1,1.0,0.0,Low
0,0,1.0,100.0,High
0,0,1.0,100.0,High
1,1,1.0,0.0,Low
1,1,1.0,0.0,Low
1,1,1.0,0.0,Low
1,1,1.0,0.0,Low
1,1,1.0,0.0,Low
1,1,1.0,0.0,Low
0,0,1.0,100.0,High
1,1,1.0,0.0,Low
1,1,0.995,0.5,Low
1,1,1.0,0.0,Low
0,0,1.0,100.0,High
1,1,1.0,0.0,Low
1,1,1.0,0.0,Low
0,0,1.0,100.0,High
0,0,1.0,100.0,High
1,1,1.0,0.0,Low
1,1,1.0,0.0,Low
1,1,1.0,0.0,Low
0,0,1.0,100.0,High
1,1,1.0,0.0,Low
0,0,1.0,100.0,High
0,0,1.0,100.0,High
0,0,1.0,100.0,High
1,1,1.0,0.0,Low
1,1,1.0,0.0,Low
0,0,1.0,100.0,High
1,1,1.0,0.0,Low
1,1,1.0,0.0,Low
0,0,1.0,100.0,High
0,0,1.0,100.0,High
0,0,1.0,100.0,High
0,0,1.0,100.0,High
0,0,1.0,100.0,High
0,0,1.0,100.0,High
0,0,1.0,100.0,High
1,1,1.0,0.0,Low
0,0,1.0,100.0,High
1,1,0.995,0.5,Low
1,1,1.0,0.0,Low
1,1,0.93,7.0,Low
1,1,1.0,0.0,Low
1,1,0.95,5.0,Low
1,1,1.0,0.0,Low
1,1,1.0,0.0,Low
1,1,1.0,0.0,Low
1,1,1.0,0.0,Low
0,0,0.99,99.0,High
1,1,1.0,0.0,Low
1,1,1.0,0.0,Low
0,0,1.0,100.0,High
1,1,1.0,0.0,Low
0,0,1.0,100.0,High
1,1,1.0,0.0,Low
1,1,1.0,0.0,Low
1,1,1.0,0.0,Low
0,0,1.0,100.0,High
1,1,1.0,0.0,Low
0,0,1.0,100.0,High
0,0,1.0,100.0,High
1,1,1.0,0.0,Low
0,0,1.0,100.0,High
1,1,0.955,4.5,Low
1,1,1.0,0.0,Low
1,1,1.0,0.0,Low
1,1,0.895,10.5,Low
1,1,0.94,6.0,Low
0,0,1.0,100.0,High
1,1,1.0,0.0,Low
1,1,1.0,0.0,Low
1,1,0.995,0.5,Low
1,1,1.0,0.0,Low
1,1,1.0,0.0,Low
0,0,1.0,100.0,High
0,0,1.0,100.0,High
0,0,1.0,100.0,High
0,0,1.0,100.0,High
1,1,0.99,1.0,Low
1,1,0.995,0.5,Low
1,1,1.0,0.0,Low
0,0,1.0,100.0,High
1,1,0.995,0.5,Low
0,0,1.0,100.0,High
0,0,1.0,100.0,High
1,1,1.0,0.0,Low
0,0,1.0,100.0,High
1,1,1.0,0.0,Low
0,0,1.0,100.0,High
0,0,1.0,100.0,High
1,1,0.95,5.0,Low
0,0,1.0,100.0,High
1,1,0.995,0.5,Low
0,0,1.0,100.0,High
1,1,1.0,0.0,Low
1,1,1.0,0.0,Low
1,1,1.0,0.0,Low
1,1,1.0,0.0,Low
0,0,1.0,100.0,High
0,0,1.0,100.0,High
0,0,1.0,100.0,High
1,1,0.965,3.5,Low
1,1,1.0,0.0,Low
1,1,1.0,0.0,Low
1,1,1.0,0.0,Low
1,1,1.0,0.0,Low
1,1,0.995,0.5,Low
0,0,1.0,100.0,High
1,1,1.0,0.0,Low
0,0,1.0,100.0,High
1,1,1.0,0.0,Low
1,1,1.0,0.0,Low
0,0,1.0,100.0,High
0,0,1.0,100.0,High
1,1,1.0,0.0,Low
1,1,0.93,7.0,Low
0,0,1.0,100.0,High
0,0,0.995,99.5,High
0,0,1.0,100.0,High
0,0,1.0,100.0,High
0,0,1.0,100.0,High
1,1,1.0,0.0,Low
1,1,0.995,0.5,Low
0,0,1.0,100.0,High
1,1,1.0,0.0,Low
1,1,1.0,0.0,Low
1,1,1.0,0.0,Low
1,1,1.0,0.0,Low
0,0,1.0,100.0,High
0,0,1.0,100.0,High
0,0,1.0,100.0,High
1,1,0.995,0.5,Low
1,1,1.0,0.0,Low
1,1,1.0,0.0,Low
1,1,0.96,4.0,Low
1,1,1.0,0.0,Low
1,1,1.0,0.0,Low
1,1,1.0,0.0,Low
0,0,1.0,100.0,High
1,1,1.0,0.0,Low
1,1,1.0,0.0,Low
1,1,1.0,0.0,Low
1,1,0.975,2.5,Low
0,0,1.0,100.0,High
1,1,1.0,0.0,Low
0,0,0.955,95.5,High
1,1,1.0,0.0,Low
1,1,1.0,0.0,Low
1,1,1.0,0.0,Low
1,1,1.0,0.0,Low
1,1,1.0,0.0,Low
1,1,1.0,0.0,Low
0,0,1.0,100.0,High
0,0,1.0,100.0,High
0,0,1.0,100.0,High
0,0,1.0,100.0,High
0,0,1.0,100.0,High
1,1,1.0,0.0,Low
0,0,1.0,100.0,High
0,0,1.0,100.0,High
1,1,1.0,0.0,Low
1,1,1.0,0.0,Low
0,0,0.97,97.0,High
0,0,1.0,100.0,High
1,1,0.995,0.5,Low
1,1,0.97,3.0,Low
0,0,1.0,100.0,High
0,0,1.0,100.0,High
1,1,1.0,0.0,Low
0,0,1.0,100.0,High
0,0,1.0,100.0,High
1,1,0.99,1.0,Low
1,1,1.0,0.0,Low
1,1,1.0,0.0,Low
0,0,1.0,100.0,High
1,1,1.0,0.0,Low
1,1,1.0,0.0,Low
1,1,0.94,6.0,Low
0,0,0.995,99.5,High
1,1,1.0,0.0,Low
1,1,1.0,0.0,Low
0,0,0.995,99.5,High
1,1,1.0,0.0,Low
0,0,1.0,100.0,High
1,1,1.0,0.0,Low
0,1,0.71,29.0,Low
1,1,0.995,0.5,Low
1,1,1.0,0.0,Low
1,1,1.0,0.0,Low
0,0,1.0,100.0,High
1,1,0.995,0.5,Low
1,1,1.0,0.0,Low
0,0,1.0,100.0,High
0,0,1.0,100.0,High
1,1,1.0,0.0,Low
1,1,1.0,0.0,Low
0,0,1.0,100.0,High
1,1,1.0,0.0,Low
0,0,1.0,100.0,High
0,0,1.0,100.0,High
1,1,0.975,2.5,Low
1,1,1.0,0.0,Low
0,0,0.99,99.0,High
1,1,1.0,0.0,Low
1,1,0.995,0.5,Low
0,0,1.0,100.0,High
0,0,1.0,100.0,High
0,0,1.0,100.0,High
0,0,1.0,100.0,High
1,1,1.0,0.0,Low
1,1,1.0,0.0,Low
1,1,1.0,0.0,Low
1,1,1.0,0.0,Low
0,0,0.995,99.5,High
0,0,0.895,89.5,High
1,1,0.995,0.5,Low
1,1,1.0,0.0,Low
1,1,1.0,0.0,Low
1,1,0.94,6.0,Low
1,1,1.0,0.0,Low
1,1,1.0,0.0,Low
1,1,0.985,1.5,Low
1,1,1.0,0.0,Low
1,1,1.0,0.0,Low
0,0,1.0,100.0,High
1,1,1.0,0.0,Low
1,1,1.0,0.0,Low
0,0,1.0,100.0,High
1,1,0.99,1.0,Low
0,0,1.0,100.0,High
0,0,1.0,100.0,High
1,1,1.0,0.0,Low
1,1,1.0,0.0,Low
1,1,1.0,0.0,Low
0,0,1.0,100.0,High
1,1,1.0,0.0,Low
0,0,1.0,100.0,High
0,0,1.0,100.0,High
1,1,1.0,0.0,Low
0,0,1.0,100.0,High
1,1,1.0,0.0,Low
0,0,1.0,100.0,High
1,1,1.0,0.0,Low
0,0,1.0,100.0,High
0,0,1.0,100.0,High
1,1,1.0,0.0,Low
1,1,1.0,0.0,Low
1,1,1.0,0.0,Low
1,1,1.0,0.0,Low
0,0,1.0,100.0,High
1,1,1.0,0.0,Low
1,1,1.0,0.0,Low
0,0,1.0,100.0,High
1,1,0.99,1.0,Low
0,0,1.0,100.0,High
1,1,0.99,1.0,Low
0,0,1.0,100.0,High
0,0,1.0,100.0,High
0,0,1.0,100.0,High
1,1,1.0,0.0,Low
1,1,0.995,0.5,Low
1,1,1.0,0.0,Low
1,1,1.0,0.0,Low
1,1,1.0,0.0,Low
0,0,1.0,100.0,High
0,0,1.0,100.0,High
0,0,1.0,100.0,High
0,0,1.0,100.0,High
0,0,1.0,100.0,High
1,1,0.94,6.0,Low
0,0,1.0,100.0,High
0,0,1.0,100.0,High
1,1,1.0,0.0,Low
0,0,1.0,100.0,High
0,0,1.0,100.0,High
0,0,1.0,100.0,High
0,0,1.0,100.0,High
1,1,1.0,0.0,Low
1,1,1.0,0.0,Low
0,0,1.0,100.0,High
1,1,0.99,1.0,Low
1,1,1.0,0.0,Low
1,1,1.0,0.0,Low
1,1,1.0,0.0,Low
0,0,1.0,100.0,High
0,0,0.995,99.5,High
1,1,1.0,0.0,Low
1,1,1.0,0.0,Low
0,0,1.0,100.0,High
1,1,1.0,0.0,Low
1,1,0.915,8.5,Low
0,0,1.0,100.0,High
0,0,0.99,99.0,High
0,0,1.0,100.0,High
1,1,1.0,0.0,Low
0,0,1.0,100.0,High
0,0,1.0,100.0,High
1,1,1.0,0.0,Low
0,0,1.0,100.0,High
1,1,1.0,0.0,Low
0,0,1.0,100.0,High
1,1,1.0,0.0,Low
1,1,1.0,0.0,Low
1,1,1.0,0.0,Low
1,1,1.0,0.0,Low
0,0,1.0,100.0,High
0,0,1.0,100.0,High
1,1,1.0,0.0,Low
1,1,1.0,0.0,Low
0,0,1.0,100.0,High
1,1,1.0,0.0,Low
0,0,1.0,100.0,High
1,1,1.0,0.0,Low
1,1,1.0,0.0,Low
1,1,1.0,0.0,Low
0,0,1.0,100.0,High
1,1,1.0,0.0,Low
0,0,0.97,97.0,High
0,0,1.0,100.0,High
1,1,1.0,0.0,Low
1,1,1.0,0.0,Low
1,1,1.0,0.0,Low
0,0,1.0,100.0,High
0,0,1.0,100.0,High
1,1,1.0,0.0,Low
1,1,1.0,0.0,Low
1,1,1.0,0.0,Low
1,1,1.0,0.0,Low
0,0,1.0,100.0,High
0,0,1.0,100.0,High
0,0,1.0,100.0,High
0,0,1.0,100.0,High
0,0,1.0,100.0,High
1,1,0.995,0.5,Low
0,0,1.0,100.0,High
0,0,1.0,100.0,High
1,1,0.965,3.5,Low
1,1,1.0,0.0,Low
1,1,1.0,0.0,Low
1,1,0.98,2.0,Low
1,1,1.0,0.0,Low
0,0,1.0,100.0,High
0,0,1.0,100.0,High
0,0,1.0,100.0,High
0,0,1.0,100.0,High
1,1,1.0,0.0,Low
0,0,1.0,100.0,High
0,0,1.0,100.0,High
1,1,0.615,38.5,Medium
0,0,1.0,100.0,High
0,0,1.0,100.0,High
0,0,1.0,100.0,High
1,1,1.0,0.0,Low
1,1,1.0,0.0,Low
1,1,1.0,0.0,Low
0,0,1.0,100.0,High
0,0,1.0,100.0,High
1,1,0.995,0.5,Low
1,1,1.0,0.0,Low
1,1,1.0,0.0,Low
1,1,1.0,0.0,Low
1,1,0.985,1.5,Low
1,1,1.0,0.0,Low
1,1,1.0,0.0,Low
0,0,1.0,100.0,High
1,1,1.0,0.0,Low
0,0,1.0,100.0,High
1,1,1.0,0.0,Low
1,1,1.0,0.0,Low
0,0,1.0,100.0,High
0,0,0.99,99.0,High
1,1,1.0,0.0,Low
1,1,1.0,0.0,Low
0,0,1.0,100.0,High
1,1,1.0,0.0,Low
0,0,1.0,100.0,High
1,1,1.0,0.0,Low
1,1,1.0,0.0,Low
0,0,1.0,100.0,High
1,1,0.995,0.5,Low
0,0,0.9,90.0,High
0,0,1.0,100.0,High
0,0,0.985,98.5,High
1,1,1.0,0.0,Low
1,1,0.995,0.5,Low
0,0,1.0,100.0,High
1,1,1.0,0.0,Low
0,0,1.0,100.0,High
0,0,0.985,98.5,High
1,1,1.0,0.0,Low
0,0,1.0,100.0,High
1,1,1.0,0.0,Low
1,1,1.0,0.0,Low
0,0,1.0,100.0,High
0,0,1.0,100.0,High
0,0,1.0,100.0,High
0,1,0.655,34.5,Medium
1,1,1.0,0.0,Low
1,1,1.0,0.0,Low
0,0,1.0,100.0,High
1,1,0.995,0.5,Low
0,0,1.0,100.0,High
1,1,1.0,0.0,Low
0,0,1.0,100.0,High
0,0,1.0,100.0,High
1,1,0.995,0.5,Low
1,1,1.0,0.0,Low
0,0,1.0,100.0,High
1,1,1.0,0.0,Low
1,1,1.0,0.0,Low
1,1,1.0,0.0,Low
0,0,1.0,100.0,High
1,1,1.0,0.0,Low
1,1,1.0,0.0,Low
1,1,1.0,0.0,Low
1,1,1.0,0.0,Low
1,1,1.0,0.0,Low
0,0,1.0,100.0,High
1,1,1.0,0.0,Low
0,0,1.0,100.0,High
1,1,1.0,0.0,Low
1,1,1.0,0.0,Low
0,0,1.0,100.0,High
1,1,1.0,0.0,Low
0,0,1.0,100.0,High
0,0,1.0,100.0,High
0,0,1.0,100.0,High
1,1,1.0,0.0,Low
1,1,1.0,0.0,Low
1,1,1.0,0.0,Low
1,1,1.0,0.0,Low
1,1,1.0,0.0,Low
0,0,1.0,100.0,High
1,1,1.0,0.0,Low
0,0,1.0,100.0,High
1,1,0.925,7.5,Low
1,1,0.995,0.5,Low
0,0,1.0,100.0,High
1,1,1.0,0.0,Low
1,1,1.0,0.0,Low
0,0,1.0,100.0,High
1,1,1.0,0.0,Low
0,0,1.0,100.0,High
0,0,0.98,98.0,High
1,1,1.0,0.0,Low
0,1,0.515,48.5,Medium
1,1,1.0,0.0,Low
0,0,1.0,100.0,High
0,0,1.0,100.0,High
1,1,1.0,0.0,Low
1,1,1.0,0.0,Low
0,0,1.0,100.0,High
0,0,1.0,100.0,High
1,1,1.0,0.0,Low
1,1,1.0,0.0,Low
0,0,1.0,100.0,High
0,0,1.0,100.0,High
0,0,1.0,100.0,High
1,1,1.0,0.0,Low
1,1,1.0,0.0,Low
0,0,1.0,100.0,High
1,1,1.0,0.0,Low
1,1,1.0,0.0,Low
1,1,1.0,0.0,Low
1,1,1.0,0.0,Low
1,1,1.0,0.0,Low
0,0,1.0,100.0,High
0,0,1.0,100.0,High
0,0,1.0,100.0,High
1,1,1.0,0.0,Low
0,0,1.0,100.0,High
1,1,1.0,0.0,Low
1,1,1.0,0.0,Low
0,0,1.0,100.0,High
0,0,1.0,100.0,High
0,0,1.0,100.0,High
0,0,1.0,100.0,High
1,1,1.0,0.0,Low
0,0,1.0,100.0,High
1,1,1.0,0.0,Low
1,1,1.0,0.0,Low
1,1,1.0,0.0,Low
1,1,0.99,1.0,Low
1,1,0.99,1.0,Low
1,1,1.0,0.0,Low
0,0,1.0,100.0,High
0,0,1.0,100.0,High
1,1,1.0,0.0,Low
1,1,1.0,0.0,Low
1,1,1.0,0.0,Low
1,1,1.0,0.0,Low
1,1,0.99,1.0,Low
1,1,0.995,0.5,Low
0,0,1.0,100.0,High
1,1,1.0,0.0,Low
1,1,1.0,0.0,Low
0,0,1.0,100.0,High
0,0,0.995,99.5,High
0,0,1.0,100.0,High
0,0,1.0,100.0,High
1,1,1.0,0.0,Low
1,1,1.0,0.0,Low
1,1,1.0,0.0,Low
0,0,1.0,100.0,High
1,1,0.93,7.0,Low
0,0,1.0,100.0,High
0,0,1.0,100.0,High
0,0,1.0,100.0,High
1,1,1.0,0.0,Low
1,1,1.0,0.0,Low
0,0,0.995,99.5,High
0,0,1.0,100.0,High
1,1,1.0,0.0,Low
1,1,1.0,0.0,Low
1,1,1.0,0.0,Low
0,0,1.0,100.0,High
0,0,0.99,99.0,High
1,1,1.0,0.0,Low
1,1,1.0,0.0,Low
1,1,1.0,0.0,Low
0,0,1.0,100.0,High
0,0,0.995,99.5,High
0,0,1.0,100.0,High
1,1,1.0,0.0,Low
1,1,1.0,0.0,Low
0,0,1.0,100.0,High
0,0,1.0,100.0,High
0,0,1.0,100.0,High
1,1,1.0,0.0,Low
0,0,1.0,100.0,High
0,0,1.0,100.0,High
0,0,1.0,100.0,High
1,1,1.0,0.0,Low
1,1,1.0,0.0,Low
1,1,1.0,0.0,Low
1,1,1.0,0.0,Low
1,1,1.0,0.0,Low
0,0,1.0,100.0,High
1,1,0.995,0.5,Low
0,0,1.0,100.0,High
0,0,1.0,100.0,High
1,1,0.995,0.5,Low
1,1,1.0,0.0,Low
0,1,0.755,24.5,Low
0,0,1.0,100.0,High
1,1,1.0,0.0,Low
0,0,1.0,100.0,High
0,0,1.0,100.0,High
1,1,1.0,0.0,Low
1,1,1.0,0.0,Low
0,0,1.0,100.0,High
1,1,1.0,0.0,Low
0,0,1.0,100.0,High
1,1,1.0,0.0,Low
1,1,1.0,0.0,Low
1,1,1.0,0.0,Low
1,1,1.0,0.0,Low
0,0,0.99,99.0,High
0,0,1.0,100.0,High
1,1,0.99,1.0,Low
0,0,1.0,100.0,High
1,1,1.0,0.0,Low
1,1,0.775,22.5,Low
0,0,1.0,100.0,High
0,0,1.0,100.0,High
1,1,1.0,0.0,Low
1,1,1.0,0.0,Low
1,1,1.0,0.0,Low
0,0,0.995,99.5,High
1,1,1.0,0.0,Low
0,0,1.0,100.0,High
1,1,0.89,11.0,Low
0,0,1.0,100.0,High
1,1,1.0,0.0,Low
0,0,1.0,100.0,High
1,1,1.0,0.0,Low
1,1,1.0,0.0,Low
0,0,0.995,99.5,High
0,0,1.0,100.0,High
0,0,1.0,100.0,High
1,1,1.0,0.0,Low
1,1,1.0,0.0,Low
0,0,1.0,100.0,High
1,1,1.0,0.0,Low
0,0,1.0,100.0,High
1,1,1.0,0.0,Low
1,1,1.0,0.0,Low
1,1,1.0,0.0,Low
0,0,1.0,100.0,High
1,1,1.0,0.0,Low
1,1,1.0,0.0,Low
0,0,1.0,100.0,High
1,1,1.0,0.0,Low
1,1,1.0,0.0,Low
0,0,1.0,100.0,High
1,1,1.0,0.0,Low
1,1,1.0,0.0,Low
1,1,1.0,0.0,Low
1,1,1.0,0.0,Low
1,1,1.0,0.0,Low
1,1,1.0,0.0,Low
1,1,1.0,0.0,Low
1,1,1.0,0.0,Low
0,0,1.0,100.0,High
1,1,1.0,0.0,Low
0,0,1.0,100.0,High
1,1,1.0,0.0,Low
0,0,1.0,100.0,High
0,0,1.0,100.0,High
0,0,0.945,94.5,High
1,1,1.0,0.0,Low
1,1,1.0,0.0,Low
0,0,1.0,100.0,High
0,0,1.0,100.0,High
0,0,1.0,100.0,High
1,1,1.0,0.0,Low
0,0,1.0,100.0,High
1,1,0.86,14.0,Low
1,1,1.0,0.0,Low
0,0,0.995,99.5,High
1,1,1.0,0.0,Low
1,1,1.0,0.0,Low
1,1,1.0,0.0,Low
1,1,1.0,0.0,Low
1,1,0.995,0.5,Low
0,0,1.0,100.0,High
1,1,0.995,0.5,Low
0,0,1.0,100.0,High
0,0,1.0,100.0,High
0,0,0.985,98.5,High
1,1,1.0,0.0,Low
0,0,0.995,99.5,High
0,0,1.0,100.0,High
1,1,1.0,0.0,Low
1,1,1.0,0.0,Low
1,1,0.995,0.5,Low
1,1,1.0,0.0,Low
1,1,1.0,0.0,Low
0,0,1.0,100.0,High
1,1,1.0,0.0,Low
0,0,1.0,100.0,High
1,1,1.0,0.0,Low
1,1,1.0,0.0,Low
1,1,0.995,0.5,Low
0,0,1.0,100.0,High
0,0,1.0,100.0,High
0,0,1.0,100.0,High
0,0,1.0,100.0,High
1,1,0.995,0.5,Low
1,1,1.0,0.0,Low
0,0,1.0,100.0,High
0,0,1.0,100.0,High
0,0,1.0,100.0,High
1,1,1.0,0.0,Low
1,1,1.0,0.0,Low
0,0,1.0,100.0,High
0,0,1.0,100.0,High
0,0,0.905,90.5,High
1,1,1.0,0.0,Low
0,0,1.0,100.0,High
0,0,1.0,100.0,High
1,1,1.0,0.0,Low
0,0,1.0,100.0,High
0,0,1.0,100.0,High
1,1,1.0,0.0,Low
0,0,1.0,100.0,High
1,1,1.0,0.0,Low
1,1,1.0,0.0,Low
1,1,1.0,0.0,Low
0,0,1.0,100.0,High
0,0,0.995,99.5,High
0,0,1.0,100.0,High
0,0,1.0,100.0,High
0,0,1.0,100.0,High
1,1,1.0,0.0,Low
0,0,1.0,100.0,High
1,1,1.0,0.0,Low
1,1,1.0,0.0,Low
1,1,1.0,0.0,Low
0,0,1.0,100.0,High
0,0,1.0,100.0,High
0,0,1.0,100.0,High
0,0,1.0,100.0,High
1,1,0.99,1.0,Low
1,1,0.955,4.5,Low
0,0,0.99,99.0,High
0,0,1.0,100.0,High
0,0,1.0,100.0,High
0,0,1.0,100.0,High
1,1,1.0,0.0,Low
1,1,1.0,0.0,Low
0,0,1.0,100.0,High
0,0,1.0,100.0,High
1,1,1.0,0.0,Low
1,1,1.0,0.0,Low
0,0,1.0,100.0,High
0,0,1.0,100.0,High
0,0,0.895,89.5,High
0,0,1.0,100.0,High
0,0,0.985,98.5,High
1,1,1.0,0.0,Low
0,0,1.0,100.0,High
1,1,1.0,0.0,Low
0,0,1.0,100.0,High
1,1,1.0,0.0,Low
0,0,1.0,100.0,High
0,0,1.0,100.0,High
1,1,1.0,0.0,Low
1,1,1.0,0.0,Low
1,1,1.0,0.0,Low
0,0,1.0,100.0,High
1,1,1.0,0.0,Low
0,0,1.0,100.0,High
1,1,0.995,0.5,Low
1,1,1.0,0.0,Low
1,1,1.0,0.0,Low
0,0,0.99,99.0,High
1,1,0.99,1.0,Low
1,1,1.0,0.0,Low
0,0,1.0,100.0,High
0,0,1.0,100.0,High
1,1,0.99,1.0,Low
0,0,1.0,100.0,High
0,0,0.8,80.0,High
1,1,1.0,0.0,Low
0,0,1.0,100.0,High
0,0,1.0,100.0,High
0,0,1.0,100.0,High
0,0,1.0,100.0,High
0,0,1.0,100.0,High
0,0,1.0,100.0,High
1,1,1.0,0.0,Low
0,0,1.0,100.0,High
1,1,0.905,9.5,Low
0,0,1.0,100.0,High
0,0,1.0,100.0,High
0,0,1.0,100.0,High
1,1,0.995,0.5,Low
1,1,1.0,0.0,Low
0,0,1.0,100.0,High
0,0,1.0,100.0,High
0,0,1.0,100.0,High
1,1,1.0,0.0,Low
1,1,1.0,0.0,Low
0,0,1.0,100.0,High
1,1,1.0,0.0,Low
0,0,1.0,100.0,High
0,0,1.0,100.0,High
1,1,1.0,0.0,Low
1,1,1.0,0.0,Low
1,1,1.0,0.0,Low
1,1,1.0,0.0,Low
1,1,1.0,0.0,Low
1,1,1.0,0.0,Low
1,1,1.0,0.0,Low
0,0,1.0,100.0,High
1,1,1.0,0.0,Low
1,1,1.0,0.0,Low
1,1,1.0,0.0,Low
1,1,1.0,0.0,Low
1,1,1.0,0.0,Low
1,1,0.935,6.5,Low
1,1,1.0,0.0,Low
1,1,1.0,0.0,Low
0,0,1.0,100.0,High
0,0,1.0,100.0,High
1,1,1.0,0.0,Low
1,1,1.0,0.0,Low
0,0,0.995,99.5,High
1,1,1.0,0.0,Low
0,0,1.0,100.0,High
1,1,1.0,0.0,Low
1,1,1.0,0.0,Low
0,0,1.0,100.0,High
1,1,0.995,0.5,Low
0,0,1.0,100.0,High
1,1,1.0,0.0,Low
0,0,1.0,100.0,High
0,0,1.0,100.0,High
0,0,1.0,100.0,High
1,1,1.0,0.0,Low
1,1,1.0,0.0,Low
1,1,1.0,0.0,Low
1,1,0.97,3.0,Low
0,0,1.0,100.0,High
1,1,1.0,0.0,Low
0,0,0.925,92.5,High
1,1,1.0,0.0,Low
0,0,1.0,100.0,High
1,1,0.985,1.5,Low
1,1,0.995,0.5,Low
0,0,1.0,100.0,High
0,0,1.0,100.0,High
1,1,1.0,0.0,Low
0,0,1.0,100.0,High
1,1,1.0,0.0,Low
0,0,1.0,100.0,High
1,1,1.0,0.0,Low
0,0,1.0,100.0,High
0,0,1.0,100.0,High
1,1,0.995,0.5,Low
0,0,1.0,100.0,High
0,0,1.0,100.0,High
1,1,1.0,0.0,Low
0,0,1.0,100.0,High
1,1,1.0,0.0,Low
1,1,0.985,1.5,Low
0,0,0.965,96.5,High
1,1,1.0,0.0,Low
1,1,0.965,3.5,Low
1,1,1.0,0.0,Low
1,1,1.0,0.0,Low
0,0,1.0,100.0,High
1,1,1.0,0.0,Low
1,1,1.0,0.0,Low
1,1,1.0,0.0,Low
1,1,1.0,0.0,Low
1,1,1.0,0.0,Low
1,1,1.0,0.0,Low
0,0,1.0,100.0,High
1,1,0.94,6.0,Low
1,1,1.0,0.0,Low
0,0,1.0,100.0,High
1,1,1.0,0.0,Low
0,0,1.0,100.0,High
0,0,1.0,100.0,High
1,1,1.0,0.0,Low
0,0,1.0,100.0,High
0,0,1.0,100.0,High
1,1,0.96,4.0,Low
0,0,1.0,100.0,High
0,0,1.0,100.0,High
1,1,0.99,1.0,Low
0,0,0.995,99.5,High
0,0,1.0,100.0,High
0,0,1.0,100.0,High
1,1,1.0,0.0,Low
0,0,1.0,100.0,High
0,0,1.0,100.0,High
1,1,1.0,0.0,Low
1,1,1.0,0.0,Low
1,1,1.0,0.0,Low
1,1,1.0,0.0,Low
1,1,1.0,0.0,Low
0,0,1.0,100.0,High
1,1,1.0,0.0,Low
0,0,1.0,100.0,High
1,1,0.995,0.5,Low
0,0,1.0,100.0,High
1,1,1.0,0.0,Low
0,0,1.0,100.0,High
0,0,0.995,99.5,High
0,0,1.0,100.0,High
1,1,1.0,0.0,Low
0,0,1.0,100.0,High
0,0,1.0,100.0,High
1,1,1.0,0.0,Low
0,0,1.0,100.0,High
0,0,0.575,57.5,Medium
0,0,1.0,100.0,High
0,0,1.0,100.0,High
0,0,1.0,100.0,High
1,1,0.995,0.5,Low
1,1,0.95,5.0,Low
1,1,1.0,0.0,Low
0,0,1.0,100.0,High
1,1,1.0,0.0,Low
0,0,1.0,100.0,High
1,1,1.0,0.0,Low
0,0,1.0,100.0,High
1,1,1.0,0.0,Low
1,1,1.0,0.0,Low
1,1,1.0,0.0,Low
0,0,1.0,100.0,High
1,1,1.0,0.0,Low
1,1,1.0,0.0,Low
0,0,1.0,100.0,High
0,0,1.0,100.0,High
1,1,1.0,0.0,Low
0,0,1.0,100.0,High
1,1,1.0,0.0,Low
1,1,0.995,0.5,Low
0,0,1.0,100.0,High
0,0,1.0,100.0,High
1,1,1.0,0.0,Low
1,1,0.995,0.5,Low
1,1,0.99,1.0,Low
0,0,1.0,100.0,High
0,0,1.0,100.0,High
0,0,1.0,100.0,High
0,0,1.0,100.0,High
0,0,1.0,100.0,High
1,1,1.0,0.0,Low
0,0,1.0,100.0,High
0,0,1.0,100.0,High
0,0,1.0,100.0,High
1,1,1.0,0.0,Low
1,1,1.0,0.0,Low
1,1,0.97,3.0,Low
0,0,1.0,100.0,High
0,0,1.0,100.0,High
1,1,1.0,0.0,Low
0,0,1.0,100.0,High
1,1,1.0,0.0,Low
0,0,1.0,100.0,High
0,0,0.96,96.0,High
0,0,1.0,100.0,High
1,1,1.0,0.0,Low
0,0,1.0,100.0,High
1,1,1.0,0.0,Low
0,0,1.0,100.0,High
1,1,0.995,0.5,Low
0,0,0.985,98.5,High
1,1,0.97,3.0,Low
1,1,1.0,0.0,Low
0,0,1.0,100.0,High
0,0,1.0,100.0,High
0,0,1.0,100.0,High
1,1,0.98,2.0,Low
1,1,1.0,0.0,Low
0,0,1.0,100.0,High
0,0,1.0,100.0,High
1,1,1.0,0.0,Low
0,0,1.0,100.0,High
0,0,1.0,100.0,High
0,0,1.0,100.0,High
1,1,1.0,0.0,Low
0,0,1.0,100.0,High
0,0,1.0,100.0,High
1,1,0.98,2.0,Low
0,0,1.0,100.0,High
0,0,0.555,55.5,Medium
1,1,1.0,0.0,Low
1,1,1.0,0.0,Low
1,1,1.0,0.0,Low
0,0,1.0,100.0,High
1,1,1.0,0.0,Low
1,1,1.0,0.0,Low
0,0,1.0,100.0,High
0,0,1.0,100.0,High
0,0,1.0,100.0,High
1,1,1.0,0.0,Low
0,0,1.0,100.0,High
1,1,1.0,0.0,Low
1,1,1.0,0.0,Low
1,1,1.0,0.0,Low
1,1,1.0,0.0,Low
1,1,1.0,0.0,Low
0,0,1.0,100.0,High
1,1,1.0,0.0,Low
1,1,0.925,7.5,Low
0,0,1.0,100.0,High
0,0,1.0,100.0,High
1,1,1.0,0.0,Low
0,0,1.0,100.0,High
1,1,0.87,13.0,Low
0,0,1.0,100.0,High
0,0,1.0,100.0,High
0,0,1.0,100.0,High
1,1,1.0,0.0,Low
0,0,1.0,100.0,High
0,0,1.0,100.0,High
1,1,1.0,0.0,Low
1,1,1.0,0.0,Low
0,0,1.0,100.0,High
1,1,1.0,0.0,Low
1,1,0.995,0.5,Low
1,1,0.935,6.5,Low
1,1,1.0,0.0,Low
1,1,1.0,0.0,Low
0,0,1.0,100.0,High
1,1,1.0,0.0,Low
0,0,1.0,100.0,High
1,1,1.0,0.0,Low
1,1,0.97,3.0,Low
1,1,1.0,0.0,Low
0,0,1.0,100.0,High
0,0,0.995,99.5,High
0,0,1.0,100.0,High
1,1,1.0,0.0,Low
0,0,1.0,100.0,High
0,0,1.0,100.0,High
1,1,1.0,0.0,Low
1,1,1.0,0.0,Low
1,1,1.0,0.0,Low
0,0,1.0,100.0,High
0,0,1.0,100.0,High
0,0,1.0,100.0,High
1,1,1.0,0.0,Low
1,1,1.0,0.0,Low
0,0,1.0,100.0,High
1,1,1.0,0.0,Low
0,0,0.985,98.5,High
1,1,1.0,0.0,Low
0,0,1.0,100.0,High
1,1,0.96,4.0,Low
0,0,1.0,100.0,High
0,0,1.0,100.0,High
0,0,1.0,100.0,High
1,1,1.0,0.0,Low
1,1,1.0,0.0,Low
0,0,1.0,100.0,High
1,1,1.0,0.0,Low
0,0,1.0,100.0,High
0,0,1.0,100.0,High
1,1,0.96,4.0,Low
1,1,1.0,0.0,Low
1,1,0.98,2.0,Low
0,0,1.0,100.0,High
0,0,1.0,100.0,High
1,1,1.0,0.0,Low
0,0,1.0,100.0,High
0,0,1.0,100.0,High
1,1,1.0,0.0,Low
1,1,1.0,0.0,Low
0,0,1.0,100.0,High
1,1,0.995,0.5,Low
1,1,1.0,0.0,Low
0,0,1.0,100.0,High
0,0,1.0,100.0,High
0,0,1.0,100.0,High
1,1,1.0,0.0,Low
0,0,0.995,99.5,High
0,0,1.0,100.0,High
0,0,1.0,100.0,High
0,0,1.0,100.0,High
0,0,1.0,100.0,High
1,1,1.0,0.0,Low
0,0,0.95,95.0,High
1,1,1.0,0.0,Low
0,0,1.0,100.0,High
0,0,1.0,100.0,High
1,1,1.0,0.0,Low
0,0,0.985,98.5,High
1,1,1.0,0.0,Low
0,0,1.0,100.0,High
0,0,1.0,100.0,High
0,0,1.0,100.0,High
1,1,1.0,0.0,Low
1,1,1.0,0.0,Low
1,1,1.0,0.0,Low
1,1,0.99,1.0,Low
0,0,0.995,99.5,High
0,0,1.0,100.0,High
0,0,0.995,99.5,High
1,1,1.0,0.0,Low
0,0,0.995,99.5,High
1,1,1.0,0.0,Low
0,0,1.0,100.0,High
0,0,1.0,100.0,High
1,1,1.0,0.0,Low
0,0,1.0,100.0,High
1,1,1.0,0.0,Low
0,0,1.0,100.0,High
1,1,1.0,0.0,Low
0,0,1.0,100.0,High
1,1,0.995,0.5,Low
0,0,1.0,100.0,High
1,1,1.0,0.0,Low
1,1,0.985,1.5,Low
1,1,0.97,3.0,Low
1,1,1.0,0.0,Low
0,0,0.98,98.0,High
0,0,1.0,100.0,High
0,0,1.0,100.0,High
0,0,1.0,100.0,High
0,0,1.0,100.0,High
0,0,1.0,100.0,High
1,1,1.0,0.0,Low
1,1,1.0,0.0,Low
0,0,1.0,100.0,High
0,0,1.0,100.0,High
0,0,1.0,100.0,High
0,0,1.0,100.0,High
0,0,1.0,100.0,High
1,1,1.0,0.0,Low
0,0,1.0,100.0,High
0,0,1.0,100.0,High
0,0,1.0,100.0,High
0,0,1.0,100.0,High
0,0,1.0,100.0,High
1,1,1.0,0.0,Low
1,1,1.0,0.0,Low
1,1,1.0,0.0,Low
1,1,1.0,0.0,Low
1,1,1.0,0.0,Low
1,1,1.0,0.0,Low
0,0,1.0,100.0,High
0,0,1.0,100.0,High
1,1,1.0,0.0,Low
1,1,0.89,11.0,Low
0,0,1.0,100.0,High
0,0,0.99,99.0,High
1,1,1.0,0.0,Low
0,0,1.0,100.0,High
0,0,1.0,100.0,High
1,1,1.0,0.0,Low
0,0,0.955,95.5,High
0,0,1.0,100.0,High
0,0,1.0,100.0,High
1,1,1.0,0.0,Low
0,0,1.0,100.0,High
0,0,1.0,100.0,High
1,1,1.0,0.0,Low
1,1,1.0,0.0,Low
0,0,1.0,100.0,High
0,0,1.0,100.0,High
1,1,1.0,0.0,Low
0,0,1.0,100.0,High
0,0,1.0,100.0,High
0,0,0.995,99.5,High
0,0,1.0,100.0,High
1,1,1.0,0.0,Low
0,0,1.0,100.0,High
1,1,1.0,0.0,Low
0,0,1.0,100.0,High
1,1,0.995,0.5,Low
1,1,1.0,0.0,Low
1,1,0.81,19.0,Low
1,1,1.0,0.0,Low
0,0,1.0,100.0,High
1,1,1.0,0.0,Low
0,0,1.0,100.0,High
1,1,1.0,0.0,Low
1,1,1.0,0.0,Low
0,0,0.995,99.5,High
1,1,0.995,0.5,Low
1,1,1.0,0.0,Low
0,0,1.0,100.0,High
1,1,1.0,0.0,Low
0,0,1.0,100.0,High
1,1,1.0,0.0,Low
0,0,1.0,100.0,High
0,0,1.0,100.0,High
1,1,0.995,0.5,Low
0,0,0.97,97.0,High
1,1,0.985,1.5,Low
0,0,1.0,100.0,High
1,1,1.0,0.0,Low
1,1,1.0,0.0,Low
1,1,0.995,0.5,Low
0,0,1.0,100.0,High
